-- phpMyAdmin SQL Dump
-- version 4.8.5
-- https://www.phpmyadmin.net/
--
-- Host: localhost:3306
-- Generation Time: Sep 15, 2019 at 10:38 PM
-- Server version: 10.3.17-MariaDB
-- PHP Version: 7.2.7

SET SQL_MODE = "NO_AUTO_VALUE_ON_ZERO";
SET AUTOCOMMIT = 0;
START TRANSACTION;
SET time_zone = "+00:00";


/*!40101 SET @OLD_CHARACTER_SET_CLIENT=@@CHARACTER_SET_CLIENT */;
/*!40101 SET @OLD_CHARACTER_SET_RESULTS=@@CHARACTER_SET_RESULTS */;
/*!40101 SET @OLD_COLLATION_CONNECTION=@@COLLATION_CONNECTION */;
/*!40101 SET NAMES utf8mb4 */;

--
-- Database: `kyawhtut_exchange`
--

-- --------------------------------------------------------

--
-- Table structure for table `available_bank_location`
--

CREATE TABLE `available_bank_location` (
  `id` int(11) NOT NULL,
  `bank_id` int(11) NOT NULL,
  `bank_type` varchar(25) NOT NULL,
  `bank_branch_name` varchar(255) CHARACTER SET utf8 COLLATE utf8_unicode_ci NOT NULL,
  `bank_lat` varchar(25) NOT NULL,
  `bank_long` varchar(25) NOT NULL,
  `bank_description` mediumtext CHARACTER SET utf8 COLLATE utf8_unicode_ci NOT NULL,
  `bank_branch_image` varchar(255) NOT NULL,
  `bank_branch_ph_no` varchar(255) NOT NULL,
  `township_id` int(11) NOT NULL,
  `city_id` int(11) NOT NULL,
  `action` varchar(11) NOT NULL DEFAULT '',
  `status` int(11) NOT NULL DEFAULT 0
) ENGINE=MyISAM DEFAULT CHARSET=latin1;

-- --------------------------------------------------------

--
-- Table structure for table `bank_table`
--

CREATE TABLE `bank_table` (
  `id` int(11) NOT NULL,
  `bank_name` varchar(250) COLLATE utf8_unicode_ci NOT NULL,
  `bank_logo` varchar(250) COLLATE utf8_unicode_ci NOT NULL,
  `bank_description` varchar(250) COLLATE utf8_unicode_ci NOT NULL
) ENGINE=InnoDB DEFAULT CHARSET=utf8 COLLATE=utf8_unicode_ci;

--
-- Dumping data for table `bank_table`
--

INSERT INTO `bank_table` (`id`, `bank_name`, `bank_logo`, `bank_description`) VALUES
(1, 'KBZ Bank', 'https://logos-download.com/wp-content/uploads/2016/11/KBZ_Bank_logo_symbol.png', ''),
(2, 'AYA Bank', 'http://the-mff.org/wp-content/uploads/2017/01/mff-PARTNERS-copy.png', ''),
(3, 'CB Bank', 'https://www.cbbank.com.mm/images/logo.png', ''),
(4, 'MOB Bank', 'https://www.mobmyanmar.com/wp-content/uploads/2019/01/logo.png', ''),
(5, 'AGD Bank', 'https://upload.wikimedia.org/wikipedia/my/thumb/8/8f/Logo_of_AGD_Bank.svg/1024px-Logo_of_AGD_Bank.svg.png', ''),
(6, 'UAB Bank', 'https://www.uabibanking.com/images/logo.jpg', '');

-- --------------------------------------------------------

--
-- Table structure for table `city`
--

CREATE TABLE `city` (
  `id` int(11) NOT NULL,
  `city` varchar(55) NOT NULL,
  `cityen` text NOT NULL,
  `description` text DEFAULT NULL,
  `createddate` date NOT NULL,
  `updateddate` date NOT NULL
) ENGINE=InnoDB DEFAULT CHARSET=utf8;

--
-- Dumping data for table `city`
--

INSERT INTO `city` (`id`, `city`, `cityen`, `description`, `createddate`, `updateddate`) VALUES
(1, 'မကွေးတိုင်း', 'Magwe', '', '2017-04-24', '2017-04-24'),
(2, 'ကချင်ပြည်နယ်', ' Kachin', '', '2017-04-24', '2018-06-14'),
(3, 'ကယားပြည်နယ်', 'Kayah', '', '2017-04-24', '2017-04-24'),
(4, 'ကရင်ပြည်နယ်', ' Kayin', '', '2017-04-24', '2017-04-24'),
(5, 'ချင်းပြည်နယ်', 'Chin', '', '2017-04-24', '2017-04-24'),
(6, 'စစ်ကိုင်းတိုင်း', 'Sagaing', '', '2017-04-24', '2017-04-24'),
(7, 'တနင်္သာရီတိုင်း', 'Tanintharyi', '', '2017-04-24', '2017-04-24'),
(8, 'ပဲခူးတိုင်း(အရှေ့)', 'Bago (East)\r\n', '', '2017-04-24', '2019-01-30'),
(9, 'မန္တလေးတိုင်း', 'Mandalay', '', '2017-04-24', '2017-04-24'),
(10, 'မွန်ပြည်နယ်', 'Mon', '', '2017-04-24', '2017-04-24'),
(11, 'ရခိုင်ပြည်နယ်', ' Rakhine', '', '2017-04-24', '2017-04-24'),
(12, 'ရန်ကုန်တိုင်း', 'Yangon', '', '2017-04-24', '2017-04-24'),
(13, 'ရှမ်းပြည်နယ်(အရှေ့)', 'Shan(East)', '', '2017-04-24', '2019-01-30'),
(14, 'ဧရာ၀တီတိုင်း', 'Ayeyarwady', '', '2017-04-24', '2017-04-24'),
(15, 'နေပြည်တော်', 'Nay Pyi Taw', '', '2017-04-24', '2017-04-24'),
(16, 'ရှမ်းပြည်နယ်(မြောက်)', 'Shan(North)', '', '2019-01-30', '2019-01-30'),
(17, 'ပဲခူးတိုင်း(အနောက်)', 'Bago(West)', '', '2019-01-30', '2019-01-30'),
(18, 'ရှမ်းပြည်နယ်(တောင်)', 'Shan(South)', '', '2019-01-30', '2019-01-30');

-- --------------------------------------------------------

--
-- Table structure for table `exchange_daily_rate`
--

CREATE TABLE `exchange_daily_rate` (
  `id` int(11) NOT NULL,
  `bank_id` int(11) NOT NULL,
  `exchange_currency` varchar(225) NOT NULL,
  `exchange_buy` varchar(225) NOT NULL,
  `exchange_sell` varchar(225) NOT NULL,
  `bank_update_time` varchar(225) NOT NULL,
  `exchange_date` date NOT NULL DEFAULT '2019-07-07'
) ENGINE=InnoDB DEFAULT CHARSET=utf8;

--
-- Dumping data for table `exchange_daily_rate`
--

INSERT INTO `exchange_daily_rate` (`id`, `bank_id`, `exchange_currency`, `exchange_buy`, `exchange_sell`, `bank_update_time`, `exchange_date`) VALUES
(142, 1, 'USD', '1500', '1509', '08.07.2019', '2019-07-08'),
(143, 1, 'EUR', '1680', '1698', '08.07.2019', '2019-07-08'),
(144, 1, 'SGD', '1090', '1115', '08.07.2019', '2019-07-08'),
(145, 1, 'THB', '47', '49', '08.07.2019', '2019-07-08'),
(146, 2, 'USD', '1503', '1508', '8th July 2019(12:32 PM)', '2019-07-08'),
(147, 2, 'EURO', '1685', '1700', '8th July 2019(12:32 PM)', '2019-07-08'),
(148, 2, 'SGD', '1104', '1113', '8th July 2019(12:32 PM)', '2019-07-08'),
(149, 3, 'USD', '1502', '1509', 'Updated on 08/07/2019 - 11:52 AM', '2019-07-08'),
(150, 3, 'EUR', '1683', '1700', 'Updated on 08/07/2019 - 11:52 AM', '2019-07-08'),
(151, 3, 'SGD', '1103', '1113', 'Updated on 08/07/2019 - 11:52 AM', '2019-07-08'),
(152, 3, 'THB', '47.8', '48.8', 'Updated on 08/07/2019 - 11:52 AM', '2019-07-08'),
(153, 3, 'MYR', '356', '366', 'Updated on 08/07/2019 - 11:52 AM', '2019-07-08'),
(154, 4, 'USD', '1506', '1510', '08.07.2019', '2019-07-08'),
(155, 4, 'SGD', '1107', '1112', '08.07.2019', '2019-07-08'),
(156, 4, 'EUR', '1687', '1698', '08.07.2019', '2019-07-08'),
(157, 4, 'THB', '48.5', '48.8', '08.07.2019', '2019-07-08'),
(158, 5, 'USD', '1505', '1510', 'Updated: 08.07.2019', '2019-07-08'),
(159, 5, 'EURO', '1685', '1700', 'Updated: 08.07.2019', '2019-07-08'),
(160, 5, 'SGD', '1106', '1111', 'Updated: 08.07.2019', '2019-07-08'),
(161, 5, 'THB', '48', '50', 'Updated: 08.07.2019', '2019-07-08'),
(162, 6, 'USD', '1502', '1510', '', '2019-07-08'),
(163, 6, 'EUR', '1680', '1700', '', '2019-07-08'),
(164, 6, 'SGD', '1102', '1112', '', '2019-07-08'),
(165, 1, 'USD', '1500', '1509', '09.07.2019', '2019-07-09'),
(166, 1, 'EUR', '1680', '1700', '09.07.2019', '2019-07-09'),
(167, 1, 'SGD', '1090', '1115', '09.07.2019', '2019-07-09'),
(168, 1, 'THB', '47', '49', '09.07.2019', '2019-07-09'),
(169, 2, 'USD', '1504', '1510', '9th July 2019(10:25 AM)', '2019-07-09'),
(170, 2, 'EURO', '1683', '1698', '9th July 2019(10:25 AM)', '2019-07-09'),
(171, 2, 'SGD', '1102', '1112', '9th July 2019(10:25 AM)', '2019-07-09'),
(172, 3, 'USD', '1504', '1511', 'Updated on 09/07/2019 - 4:28 PM', '2019-07-09'),
(173, 3, 'EUR', '1690', '1700', 'Updated on 09/07/2019 - 4:28 PM', '2019-07-09'),
(174, 3, 'SGD', '1103', '1113', 'Updated on 09/07/2019 - 4:28 PM', '2019-07-09'),
(175, 3, 'THB', '48.4', '49', 'Updated on 09/07/2019 - 4:28 PM', '2019-07-09'),
(176, 3, 'MYR', '362', '368', 'Updated on 09/07/2019 - 4:28 PM', '2019-07-09'),
(177, 4, 'USD', '1506', '1510', '09.07.2019', '2019-07-09'),
(178, 4, 'SGD', '1107', '1111', '09.07.2019', '2019-07-09'),
(179, 4, 'EUR', '1690', '1697', '09.07.2019', '2019-07-09'),
(180, 4, 'THB', '48.5', '48.75', '09.07.2019', '2019-07-09'),
(181, 5, 'USD', '1507', '1512', 'Updated: 09.07.2019', '2019-07-09'),
(182, 5, 'EURO', '1685', '1695', 'Updated: 09.07.2019', '2019-07-09'),
(183, 5, 'SGD', '1107', '1112', 'Updated: 09.07.2019', '2019-07-09'),
(184, 5, 'THB', '48', '50', 'Updated: 09.07.2019', '2019-07-09'),
(185, 6, 'USD', '1502', '1510', '', '2019-07-09'),
(186, 6, 'EUR', '1679', '1699', '', '2019-07-09'),
(187, 6, 'SGD', '1102', '1112', '', '2019-07-09'),
(188, 1, 'USD', '1500', '1510', '10.07.2019', '2019-07-10'),
(189, 1, 'EUR', '1680', '1700', '10.07.2019', '2019-07-10'),
(190, 1, 'SGD', '1090', '1110', '10.07.2019', '2019-07-10'),
(191, 1, 'THB', '47', '49', '10.07.2019', '2019-07-10'),
(192, 2, 'USD', '1506', '1514', '10th July 2019(11:51 AM)', '2019-07-10'),
(193, 2, 'EURO', '1685', '1696', '10th July 2019(11:51 AM)', '2019-07-10'),
(194, 2, 'SGD', '1103', '1113', '10th July 2019(11:51 AM)', '2019-07-10'),
(195, 3, 'USD', '1507', '1514', 'Updated on 10/07/2019 - 12:20 PM', '2019-07-10'),
(196, 3, 'EUR', '1692', '1700', 'Updated on 10/07/2019 - 12:20 PM', '2019-07-10'),
(197, 3, 'SGD', '1102', '1112', 'Updated on 10/07/2019 - 12:20 PM', '2019-07-10'),
(198, 3, 'THB', '48.5', '49', 'Updated on 10/07/2019 - 12:20 PM', '2019-07-10'),
(199, 3, 'MYR', '362', '368', 'Updated on 10/07/2019 - 12:20 PM', '2019-07-10'),
(200, 4, 'USD', '1508', '1512', '10.07.2019', '2019-07-10'),
(201, 4, 'SGD', '1105', '1110', '10.07.2019', '2019-07-10'),
(202, 4, 'EUR', '1686', '1695', '10.07.2019', '2019-07-10'),
(203, 4, 'THB', '48.5', '48.8', '10.07.2019', '2019-07-10'),
(204, 5, 'USD', '1510', '1515', 'Updated: 10.07.2019', '2019-07-10'),
(205, 5, 'EURO', '1687', '1697', 'Updated: 10.07.2019', '2019-07-10'),
(206, 5, 'SGD', '1107', '1112', 'Updated: 10.07.2019', '2019-07-10'),
(207, 5, 'THB', '48', '50', 'Updated: 10.07.2019', '2019-07-10'),
(208, 6, 'USD', '1505', '1514', '', '2019-07-10'),
(209, 6, 'EUR', '1690', '1700', '', '2019-07-10'),
(210, 6, 'SGD', '1103', '1113', '', '2019-07-10'),
(211, 1, 'USD', '1503', '1513', '11.07.2019', '2019-07-11'),
(212, 1, 'EUR', '1680', '1700', '11.07.2019', '2019-07-11'),
(213, 1, 'SGD', '1090', '1110', '11.07.2019', '2019-07-11'),
(214, 1, 'THB', '47', '49', '11.07.2019', '2019-07-11'),
(215, 2, 'USD', '1507', '1513', '11th July 2019(11:39 AM)', '2019-07-11'),
(216, 2, 'EURO', '1690', '1700', '11th July 2019(11:39 AM)', '2019-07-11'),
(217, 2, 'SGD', '1103', '1112', '11th July 2019(11:39 AM)', '2019-07-11'),
(218, 3, 'USD', '1505', '1512', 'Updated on 11/07/2019 - 11:30 AM', '2019-07-11'),
(219, 3, 'EUR', '1692', '1700', 'Updated on 11/07/2019 - 11:30 AM', '2019-07-11'),
(220, 3, 'SGD', '1102', '1112', 'Updated on 11/07/2019 - 11:30 AM', '2019-07-11'),
(221, 3, 'THB', '48.5', '49', 'Updated on 11/07/2019 - 11:30 AM', '2019-07-11'),
(222, 3, 'MYR', '363', '369', 'Updated on 11/07/2019 - 11:30 AM', '2019-07-11'),
(223, 4, 'USD', '1509', '1513', '11.07.2019', '2019-07-11'),
(224, 4, 'SGD', '1106', '1110', '11.07.2019', '2019-07-11'),
(225, 4, 'EUR', '1687', '1695', '11.07.2019', '2019-07-11'),
(226, 4, 'THB', '48.6', '48.9', '11.07.2019', '2019-07-11'),
(227, 5, 'USD', '1510', '1515', 'Updated: 11.07.2019', '2019-07-11'),
(228, 5, 'EURO', '1687', '1697', 'Updated: 11.07.2019', '2019-07-11'),
(229, 5, 'SGD', '1106', '1111', 'Updated: 11.07.2019', '2019-07-11'),
(230, 5, 'THB', '48', '50', 'Updated: 11.07.2019', '2019-07-11'),
(231, 6, 'USD', '1505', '1514', '', '2019-07-11'),
(232, 6, 'EUR', '1690', '1700', '', '2019-07-11'),
(233, 6, 'SGD', '1103', '1113', '', '2019-07-11'),
(234, 1, 'USD', '1503', '1511', '12.07.2019', '2019-07-12'),
(235, 1, 'EUR', '1680', '1695', '12.07.2019', '2019-07-12'),
(236, 1, 'SGD', '1095', '1111', '12.07.2019', '2019-07-12'),
(237, 1, 'THB', '47', '49', '12.07.2019', '2019-07-12'),
(238, 2, 'USD', '1504', '1511', '12th July 2019 (12:08 PM)', '2019-07-12'),
(239, 2, 'EURO', '1690', '1698', '12th July 2019 (12:08 PM)', '2019-07-12'),
(240, 2, 'SGD', '1103', '1112', '12th July 2019 (12:08 PM)', '2019-07-12'),
(241, 3, 'USD', '1505', '1511', 'Updated on 12/07/2019 - 11:47 AM', '2019-07-12'),
(242, 3, 'EUR', '1692', '1699', 'Updated on 12/07/2019 - 11:47 AM', '2019-07-12'),
(243, 3, 'SGD', '1105', '1111', 'Updated on 12/07/2019 - 11:47 AM', '2019-07-12'),
(244, 3, 'THB', '48.6', '49', 'Updated on 12/07/2019 - 11:47 AM', '2019-07-12'),
(245, 3, 'MYR', '356', '369', 'Updated on 12/07/2019 - 11:47 AM', '2019-07-12'),
(246, 4, 'USD', '1508', '1511', '12.07.2019', '2019-07-12'),
(247, 4, 'SGD', '1106', '1110', '12.07.2019', '2019-07-12'),
(248, 4, 'EUR', '1688', '1697', '12.07.2019', '2019-07-12'),
(249, 4, 'THB', '48.6', '48.9', '12.07.2019', '2019-07-12'),
(250, 5, 'USD', '1508', '1513', 'Updated: 12.07.2019', '2019-07-12'),
(251, 5, 'EURO', '1689', '1699', 'Updated: 12.07.2019', '2019-07-12'),
(252, 5, 'SGD', '1106', '1111', 'Updated: 12.07.2019', '2019-07-12'),
(253, 5, 'THB', '48', '50', 'Updated: 12.07.2019', '2019-07-12'),
(254, 6, 'USD', '1504', '1514', '', '2019-07-12'),
(255, 6, 'EUR', '1690', '1700', '', '2019-07-12'),
(256, 6, 'SGD', '1102', '1112', '', '2019-07-12'),
(257, 1, 'USD', '1503', '1510', '13.07.2019', '2019-07-13'),
(258, 1, 'EUR', '1680', '1695', '13.07.2019', '2019-07-13'),
(259, 1, 'SGD', '1095', '1111', '13.07.2019', '2019-07-13'),
(260, 1, 'THB', '47', '49', '13.07.2019', '2019-07-13'),
(261, 2, 'USD', '1504', '1511', '12th July 2019 (12:08 PM)', '2019-07-13'),
(262, 2, 'EURO', '1690', '1698', '12th July 2019 (12:08 PM)', '2019-07-13'),
(263, 2, 'SGD', '1103', '1112', '12th July 2019 (12:08 PM)', '2019-07-13'),
(264, 3, 'USD', '1505', '1511', 'Updated on 12/07/2019 - 11:47 AM', '2019-07-13'),
(265, 3, 'EUR', '1692', '1699', 'Updated on 12/07/2019 - 11:47 AM', '2019-07-13'),
(266, 3, 'SGD', '1105', '1111', 'Updated on 12/07/2019 - 11:47 AM', '2019-07-13'),
(267, 3, 'THB', '48.6', '49', 'Updated on 12/07/2019 - 11:47 AM', '2019-07-13'),
(268, 3, 'MYR', '365', '369', 'Updated on 12/07/2019 - 11:47 AM', '2019-07-13'),
(269, 4, 'USD', '1508', '1511', '12.07.2019', '2019-07-13'),
(270, 4, 'SGD', '1106', '1110', '12.07.2019', '2019-07-13'),
(271, 4, 'EUR', '1688', '1697', '12.07.2019', '2019-07-13'),
(272, 4, 'THB', '48.6', '48.9', '12.07.2019', '2019-07-13'),
(273, 5, 'USD', '1508', '1513', 'Update 13.07.2019', '2019-07-13'),
(274, 5, 'EURO', '1690', '1700', 'Update 13.07.2019', '2019-07-13'),
(275, 5, 'SGD', '1108', '1113', 'Update 13.07.2019', '2019-07-13'),
(276, 5, 'THB', '48', '50', 'Update 13.07.2019', '2019-07-13'),
(277, 6, 'USD', '1504', '1513', '', '2019-07-13'),
(278, 6, 'EUR', '1685', '1700', '', '2019-07-13'),
(279, 6, 'SGD', '1102', '1112', '', '2019-07-13'),
(280, 1, 'USD', '1503', '1510', '14.07.2019', '2019-07-14'),
(281, 1, 'EUR', '1680', '1695', '14.07.2019', '2019-07-14'),
(282, 1, 'SGD', '1095', '1111', '14.07.2019', '2019-07-14'),
(283, 1, 'THB', '47', '49', '14.07.2019', '2019-07-14'),
(284, 2, 'USD', '1503', '1511', '12th July 2019 (12:08 PM)', '2019-07-14'),
(285, 2, 'EURO', '1690', '1698', '12th July 2019 (12:08 PM)', '2019-07-14'),
(286, 2, 'SGD', '1103', '1112', '12th July 2019 (12:08 PM)', '2019-07-14'),
(287, 3, 'USD', '1505', '1511', 'Updated on 12/07/2019 - 11:47 AM', '2019-07-14'),
(288, 3, 'EUR', '1692', '1699', 'Updated on 12/07/2019 - 11:47 AM', '2019-07-14'),
(289, 3, 'SGD', '1105', '1111', 'Updated on 12/07/2019 - 11:47 AM', '2019-07-14'),
(290, 3, 'THB', '48.6', '49', 'Updated on 12/07/2019 - 11:47 AM', '2019-07-14'),
(291, 3, 'MYR', '365', '369', 'Updated on 12/07/2019 - 11:47 AM', '2019-07-14'),
(292, 4, 'USD', '1508', '1511', '12.07.2019', '2019-07-14'),
(293, 4, 'SGD', '1106', '1110', '12.07.2019', '2019-07-14'),
(294, 4, 'EUR', '1688', '1697', '12.07.2019', '2019-07-14'),
(295, 4, 'THB', '48.6', '48.9', '12.07.2019', '2019-07-14'),
(296, 5, 'USD', '1508', '1513', 'Updated: 14.07.2019', '2019-07-14'),
(297, 5, 'EURO', '1690', '1700', 'Updated: 14.07.2019', '2019-07-14'),
(298, 5, 'SGD', '1108', '1113', 'Updated: 14.07.2019', '2019-07-14'),
(299, 5, 'THB', '48', '50', 'Updated: 14.07.2019', '2019-07-14'),
(300, 6, 'USD', '1504', '1513', '', '2019-07-14'),
(301, 6, 'EUR', '1685', '1700', '', '2019-07-14'),
(302, 6, 'SGD', '1102', '1112', '', '2019-07-14'),
(303, 1, 'USD', '1503', '1508', '15.07.2019', '2019-07-15'),
(304, 1, 'EUR', '1680', '1695', '15.07.2019', '2019-07-15'),
(305, 1, 'SGD', '1095', '1115', '15.07.2019', '2019-07-15'),
(306, 1, 'THB', '47', '49', '15.07.2019', '2019-07-15'),
(307, 2, 'USD', '1504', '1509', '15th July 2019(10:49 AM)', '2019-07-15'),
(308, 2, 'EURO', '1690', '1700', '15th July 2019(10:49 AM)', '2019-07-15'),
(309, 2, 'SGD', '1105', '1112', '15th July 2019(10:49 AM)', '2019-07-15'),
(310, 3, 'USD', '1503', '1509', 'Updated on 15/07/2019 - 3:00 PM', '2019-07-15'),
(311, 3, 'EUR', '1692', '1699', 'Updated on 15/07/2019 - 3:00 PM', '2019-07-15'),
(312, 3, 'SGD', '1105', '1111', 'Updated on 15/07/2019 - 3:00 PM', '2019-07-15'),
(313, 3, 'THB', '48.6', '49', 'Updated on 15/07/2019 - 3:00 PM', '2019-07-15'),
(314, 3, 'MYR', '365', '369', 'Updated on 15/07/2019 - 3:00 PM', '2019-07-15'),
(315, 4, 'USD', '1508', '1511', '15.07.2019', '2019-07-15'),
(316, 4, 'SGD', '1107', '1111', '15.07.2019', '2019-07-15'),
(317, 4, 'EUR', '1690', '1697', '15.07.2019', '2019-07-15'),
(318, 4, 'THB', '48.6', '48.85', '15.07.2019', '2019-07-15'),
(319, 5, 'USD', '1506', '1511', 'Updated: 15.07.2019', '2019-07-15'),
(320, 5, 'EURO', '1690', '1700', 'Updated: 15.07.2019', '2019-07-15'),
(321, 5, 'SGD', '1109', '1114', 'Updated: 15.07.2019', '2019-07-15'),
(322, 5, 'THB', '48', '50', 'Updated: 15.07.2019', '2019-07-15'),
(323, 6, 'USD', '1504', '1511', '', '2019-07-15'),
(324, 6, 'EUR', '1682', '1702', '', '2019-07-15'),
(325, 6, 'SGD', '1103', '1113', '', '2019-07-15'),
(326, 1, 'USD', '1500', '1508', '16.07.2019', '2019-07-16'),
(327, 1, 'EUR', '1680', '1695', '16.07.2019', '2019-07-16'),
(328, 1, 'SGD', '1095', '1115', '16.07.2019', '2019-07-16'),
(329, 1, 'THB', '47', '49', '16.07.2019', '2019-07-16'),
(330, 2, 'USD', '1504', '1509', '15th July 2019(10:49 AM)', '2019-07-16'),
(331, 2, 'EURO', '1690', '1700', '15th July 2019(10:49 AM)', '2019-07-16'),
(332, 2, 'SGD', '1105', '1112', '15th July 2019(10:49 AM)', '2019-07-16'),
(333, 3, 'USD', '1503', '1509', 'Updated on 15/07/2019 - 3:00 PM', '2019-07-16'),
(334, 3, 'EUR', '1692', '1699', 'Updated on 15/07/2019 - 3:00 PM', '2019-07-16'),
(335, 3, 'SGD', '1105', '1111', 'Updated on 15/07/2019 - 3:00 PM', '2019-07-16'),
(336, 3, 'THB', '48.6', '49', 'Updated on 15/07/2019 - 3:00 PM', '2019-07-16'),
(337, 3, 'MYR', '365', '369', 'Updated on 15/07/2019 - 3:00 PM', '2019-07-16'),
(338, 4, 'USD', '1508', '1511', '15.07.2019', '2019-07-16'),
(339, 4, 'SGD', '1107', '1111', '15.07.2019', '2019-07-16'),
(340, 4, 'EUR', '1690', '1697', '15.07.2019', '2019-07-16'),
(341, 4, 'THB', '48.6', '48.9', '15.07.2019', '2019-07-16'),
(342, 5, 'USD', '1506', '1511', 'Updated: 16.07.2019', '2019-07-16'),
(343, 5, 'EURO', '1690', '1700', 'Updated: 16.07.2019', '2019-07-16'),
(344, 5, 'SGD', '1109', '1114', 'Updated: 16.07.2019', '2019-07-16'),
(345, 5, 'THB', '48', '50', 'Updated: 16.07.2019', '2019-07-16'),
(346, 6, 'USD', '1504', '1511', '', '2019-07-16'),
(347, 6, 'EUR', '1682', '1702', '', '2019-07-16'),
(348, 6, 'SGD', '1103', '1113', '', '2019-07-16'),
(349, 1, 'USD', '1505', '1512', '17.07.2019', '2019-07-17'),
(350, 1, 'EUR', '1685', '1700', '17.07.2019', '2019-07-17'),
(351, 1, 'SGD', '1090', '1111', '17.07.2019', '2019-07-17'),
(352, 1, 'THB', '47.5', '49', '17.07.2019', '2019-07-17'),
(353, 2, 'USD', '1507', '1513', '17th July 2019(11:54 AM)', '2019-07-17'),
(354, 2, 'EURO', '1690', '1700', '17th July 2019(11:54 AM)', '2019-07-17'),
(355, 2, 'SGD', '1105', '1112', '17th July 2019(11:54 AM)', '2019-07-17'),
(356, 3, 'USD', '1508', '1514', 'Updated on 17/07/2019 - 3:48 PM', '2019-07-17'),
(357, 3, 'EUR', '1690', '1697', 'Updated on 17/07/2019 - 3:48 PM', '2019-07-17'),
(358, 3, 'SGD', '1106', '1112', 'Updated on 17/07/2019 - 3:48 PM', '2019-07-17'),
(359, 3, 'THB', '48.6', '49', 'Updated on 17/07/2019 - 3:48 PM', '2019-07-17'),
(360, 3, 'MYR', '365', '369', 'Updated on 17/07/2019 - 3:48 PM', '2019-07-17'),
(361, 4, 'USD', '1509', '1512', '17.07.2019', '2019-07-17'),
(362, 4, 'SGD', '1108', '1112', '17.07.2019', '2019-07-17'),
(363, 4, 'EUR', '1685', '1693', '17.07.2019', '2019-07-17'),
(364, 4, 'THB', '48.55', '48.8', '17.07.2019', '2019-07-17'),
(365, 5, 'USD', '1510', '1515', 'Updated: 17.07.2019', '2019-07-17'),
(366, 5, 'EURO', '1692', '1702', 'Updated: 17.07.2019', '2019-07-17'),
(367, 5, 'SGD', '1109', '1114', 'Updated: 17.07.2019', '2019-07-17'),
(368, 5, 'THB', '48', '50', 'Updated: 17.07.2019', '2019-07-17'),
(369, 6, 'USD', '1508', '1514', '', '2019-07-17'),
(370, 6, 'EUR', '1680', '1700', '', '2019-07-17'),
(371, 6, 'SGD', '1103', '1113', '', '2019-07-17'),
(372, 1, 'USD', '1505', '1512', '18.07.2019', '2019-07-18'),
(373, 1, 'EUR', '1680', '1695', '18.07.2019', '2019-07-18'),
(374, 1, 'SGD', '1095', '1111', '18.07.2019', '2019-07-18'),
(375, 1, 'THB', '47.5', '49', '18.07.2019', '2019-07-18'),
(376, 2, 'USD', '1505', '1511', '18th July 2019(11:18 AM)', '2019-07-18'),
(377, 2, 'EURO', '1690', '1698', '18th July 2019(11:18 AM)', '2019-07-18'),
(378, 2, 'SGD', '1106', '1112', '18th July 2019(11:18 AM)', '2019-07-18'),
(379, 3, 'USD', '1505', '1511', 'Updated on 18/07/2019 - 11:00 AM', '2019-07-18'),
(380, 3, 'EUR', '1692', '1699', 'Updated on 18/07/2019 - 11:00 AM', '2019-07-18'),
(381, 3, 'SGD', '1106', '1112', 'Updated on 18/07/2019 - 11:00 AM', '2019-07-18'),
(382, 3, 'THB', '48.6', '49', 'Updated on 18/07/2019 - 11:00 AM', '2019-07-18'),
(383, 3, 'MYR', '366', '370', 'Updated on 18/07/2019 - 11:00 AM', '2019-07-18'),
(384, 4, 'USD', '1510', '1513', '18.07.2019', '2019-07-18'),
(385, 4, 'SGD', '1109', '1112', '18.07.2019', '2019-07-18'),
(386, 4, 'EUR', '1688', '1695', '18.07.2019', '2019-07-18'),
(387, 4, 'THB', '48.7', '48.95', '18.07.2019', '2019-07-18'),
(388, 5, 'USD', '1508', '1513', 'Updated: 18.07.2019', '2019-07-18'),
(389, 5, 'EURO', '1692', '1702', 'Updated: 18.07.2019', '2019-07-18'),
(390, 5, 'SGD', '1110', '1115', 'Updated: 18.07.2019', '2019-07-18'),
(391, 5, 'THB', '48', '50', 'Updated: 18.07.2019', '2019-07-18'),
(392, 6, 'USD', '1506', '1513', '', '2019-07-18'),
(393, 6, 'EUR', '1684', '1699', '', '2019-07-18'),
(394, 6, 'SGD', '1103', '1113', '', '2019-07-18'),
(395, 1, 'USD', '1503', '1512', '19.07.2019', '2019-07-19'),
(396, 1, 'EUR', '1680', '1695', '19.07.2019', '2019-07-19'),
(397, 1, 'SGD', '1095', '1111', '19.07.2019', '2019-07-19'),
(398, 1, 'THB', '47.50', '49', '19.07.2019', '2019-07-19'),
(399, 2, 'USD', '1505', '1511', '18th July 2019\r\n ( 11:18 AM )', '2019-07-19'),
(400, 2, 'EURO', '1690', '1698', '18th July 2019\r\n ( 11:18 AM )', '2019-07-19'),
(401, 2, 'SGD', '1106', '1112', '18th July 2019\r\n ( 11:18 AM )', '2019-07-19'),
(402, 3, 'USD', '1505', '1511', '                          Updated on 18/07/2019 - 11:00 AM                      ', '2019-07-19'),
(403, 3, 'EUR', '1692', '1699', '                          Updated on 18/07/2019 - 11:00 AM                      ', '2019-07-19'),
(404, 3, 'SGD', '1106', '1112', '                          Updated on 18/07/2019 - 11:00 AM                      ', '2019-07-19'),
(405, 3, 'THB', '48.6', '49', '                          Updated on 18/07/2019 - 11:00 AM                      ', '2019-07-19'),
(406, 3, 'MYR', '366', '370', '                          Updated on 18/07/2019 - 11:00 AM                      ', '2019-07-19'),
(407, 4, 'USD', '1510', '1513', '18.07.2019', '2019-07-19'),
(408, 4, 'SGD', '1109', '1112', '18.07.2019', '2019-07-19'),
(409, 4, 'EUR', '1688', '1695', '18.07.2019', '2019-07-19'),
(410, 4, 'THB', '48.70', '48.95', '18.07.2019', '2019-07-19'),
(411, 5, 'USD', '1508', '1513', 'Updated: 19. 07. 2019', '2019-07-19'),
(412, 5, 'EURO', '1692', '1702', 'Updated: 19. 07. 2019', '2019-07-19'),
(413, 5, 'SGD', '1110', '1115', 'Updated: 19. 07. 2019', '2019-07-19'),
(414, 5, 'THB', '48', '50', 'Updated: 19. 07. 2019', '2019-07-19'),
(415, 6, 'USD', '1506', '1513', '', '2019-07-19'),
(416, 6, 'EUR', '1684', '1699', '', '2019-07-19'),
(417, 6, 'SGD', '1103', '1113', '', '2019-07-19'),
(418, 1, 'USD', '1503', '1512', '20.07.2019', '2019-07-20'),
(419, 1, 'EUR', '1680', '1695', '20.07.2019', '2019-07-20'),
(420, 1, 'SGD', '1095', '1111', '20.07.2019', '2019-07-20'),
(421, 1, 'THB', '47.50', '49', '20.07.2019', '2019-07-20'),
(422, 2, 'USD', '1505', '1511', '18th July 2019\r\n ( 11:18 AM )', '2019-07-20'),
(423, 2, 'EURO', '1690', '1698', '18th July 2019\r\n ( 11:18 AM )', '2019-07-20'),
(424, 2, 'SGD', '1106', '1112', '18th July 2019\r\n ( 11:18 AM )', '2019-07-20'),
(425, 3, 'USD', '1505', '1511', '                          Updated on 18/07/2019 - 11:00 AM                      ', '2019-07-20'),
(426, 3, 'EUR', '1692', '1699', '                          Updated on 18/07/2019 - 11:00 AM                      ', '2019-07-20'),
(427, 3, 'SGD', '1106', '1112', '                          Updated on 18/07/2019 - 11:00 AM                      ', '2019-07-20'),
(428, 3, 'THB', '48.6', '49', '                          Updated on 18/07/2019 - 11:00 AM                      ', '2019-07-20'),
(429, 3, 'MYR', '366', '370', '                          Updated on 18/07/2019 - 11:00 AM                      ', '2019-07-20'),
(430, 4, 'USD', '1510', '1513', '18.07.2019', '2019-07-20'),
(431, 4, 'SGD', '1109', '1112', '18.07.2019', '2019-07-20'),
(432, 4, 'EUR', '1688', '1695', '18.07.2019', '2019-07-20'),
(433, 4, 'THB', '48.70', '48.95', '18.07.2019', '2019-07-20'),
(434, 5, 'USD', '1508', '1513', 'Updated: 20. 07. 2019', '2019-07-20'),
(435, 5, 'EURO', '1692', '1702', 'Updated: 20. 07. 2019', '2019-07-20'),
(436, 5, 'SGD', '1110', '1115', 'Updated: 20. 07. 2019', '2019-07-20'),
(437, 5, 'THB', '48', '50', 'Updated: 20. 07. 2019', '2019-07-20'),
(438, 6, 'USD', '1506', '1513', '', '2019-07-20'),
(439, 6, 'EUR', '1684', '1699', '', '2019-07-20'),
(440, 6, 'SGD', '1103', '1113', '', '2019-07-20'),
(441, 1, 'USD', '1503', '1512', '21.07.2019', '2019-07-21'),
(442, 1, 'EUR', '1680', '1695', '21.07.2019', '2019-07-21'),
(443, 1, 'SGD', '1095', '1111', '21.07.2019', '2019-07-21'),
(444, 1, 'THB', '47.50', '49', '21.07.2019', '2019-07-21'),
(445, 2, 'USD', '1505', '1511', '18th July 2019\r\n ( 11:18 AM )', '2019-07-21'),
(446, 2, 'EURO', '1690', '1698', '18th July 2019\r\n ( 11:18 AM )', '2019-07-21'),
(447, 2, 'SGD', '1106', '1112', '18th July 2019\r\n ( 11:18 AM )', '2019-07-21'),
(448, 3, 'USD', '1505', '1511', '                          Updated on 18/07/2019 - 11:00 AM                      ', '2019-07-21'),
(449, 3, 'EUR', '1692', '1699', '                          Updated on 18/07/2019 - 11:00 AM                      ', '2019-07-21'),
(450, 3, 'SGD', '1106', '1112', '                          Updated on 18/07/2019 - 11:00 AM                      ', '2019-07-21'),
(451, 3, 'THB', '48.6', '49', '                          Updated on 18/07/2019 - 11:00 AM                      ', '2019-07-21'),
(452, 3, 'MYR', '366', '370', '                          Updated on 18/07/2019 - 11:00 AM                      ', '2019-07-21'),
(453, 4, 'USD', '1510', '1513', '18.07.2019', '2019-07-21'),
(454, 4, 'SGD', '1109', '1112', '18.07.2019', '2019-07-21'),
(455, 4, 'EUR', '1688', '1695', '18.07.2019', '2019-07-21'),
(456, 4, 'THB', '48.70', '48.95', '18.07.2019', '2019-07-21'),
(457, 5, 'USD', '1508', '1513', 'Updated: 21. 07. 2019', '2019-07-21'),
(458, 5, 'EURO', '1692', '1702', 'Updated: 21. 07. 2019', '2019-07-21'),
(459, 5, 'SGD', '1110', '1115', 'Updated: 21. 07. 2019', '2019-07-21'),
(460, 5, 'THB', '48', '50', 'Updated: 21. 07. 2019', '2019-07-21'),
(461, 6, 'USD', '1506', '1513', '', '2019-07-21'),
(462, 6, 'EUR', '1684', '1699', '', '2019-07-21'),
(463, 6, 'SGD', '1103', '1113', '', '2019-07-21'),
(510, 1, 'USD', '1500', '1508', '22.07.2019', '2019-07-22'),
(511, 1, 'EUR', '1680', '1696', '22.07.2019', '2019-07-22'),
(512, 1, 'SGD', '1095', '1110', '22.07.2019', '2019-07-22'),
(513, 1, 'THB', '48', '49', '22.07.2019', '2019-07-22'),
(514, 2, 'USD', '1503', '1509', '22nd July 2019\r\n ( 12:45 PM )', '2019-07-22'),
(515, 2, 'EURO', '1690', '1700', '22nd July 2019\r\n ( 12:45 PM )', '2019-07-22'),
(516, 2, 'SGD', '1105', '1113', '22nd July 2019\r\n ( 12:45 PM )', '2019-07-22'),
(517, 3, 'USD', '1503', '1509', '                          Updated on 22/07/2019 - 11:26 AM                      ', '2019-07-22'),
(518, 3, 'EUR', '1691', '1698', '                          Updated on 22/07/2019 - 11:26 AM                      ', '2019-07-22'),
(519, 3, 'SGD', '1106', '1112', '                          Updated on 22/07/2019 - 11:26 AM                      ', '2019-07-22'),
(520, 3, 'THB', '48.6', '49', '                          Updated on 22/07/2019 - 11:26 AM                      ', '2019-07-22'),
(521, 3, 'MYR', '366', '370', '                          Updated on 22/07/2019 - 11:26 AM                      ', '2019-07-22'),
(522, 4, 'USD', '1507', '1511', '22.07.2019', '2019-07-22'),
(523, 4, 'SGD', '1109', '1112', '22.07.2019', '2019-07-22'),
(524, 4, 'EUR', '1685', '1695', '22.07.2019', '2019-07-22'),
(525, 4, 'THB', '48.70', '48.95', '22.07.2019', '2019-07-22'),
(526, 5, 'USD', '1506', '1511', 'Updated: 22. 07. 2019', '2019-07-22'),
(527, 5, 'EURO', '1692', '1702', 'Updated: 22. 07. 2019', '2019-07-22'),
(528, 5, 'SGD', '1109', '1114', 'Updated: 22. 07. 2019', '2019-07-22'),
(529, 5, 'THB', '49', '51', 'Updated: 22. 07. 2019', '2019-07-22'),
(530, 6, 'USD', '1504', '1510', '', '2019-07-22'),
(531, 6, 'EUR', '1683', '1698', '', '2019-07-22'),
(532, 6, 'SGD', '1103', '1113', '', '2019-07-22'),
(556, 1, 'USD', '1500', '1507', '23.07.2019', '2019-07-23'),
(557, 1, 'EUR', '1680', '1697', '23.07.2019', '2019-07-23'),
(558, 1, 'SGD', '1095', '1110', '23.07.2019', '2019-07-23'),
(559, 1, 'THB', '48', '49', '23.07.2019', '2019-07-23'),
(560, 2, 'USD', '1502', '1508', '23rd July 2019\r\n ( 10:21 AM )', '2019-07-23'),
(561, 2, 'EURO', '1690', '1698', '23rd July 2019\r\n ( 10:21 AM )', '2019-07-23'),
(562, 2, 'SGD', '1104', '1110', '23rd July 2019\r\n ( 10:21 AM )', '2019-07-23'),
(563, 3, 'USD', '1504', '1510', '                          Updated on 23/07/2019 - 2:11PM                      ', '2019-07-23'),
(564, 3, 'EUR', '1693', '1700', '                          Updated on 23/07/2019 - 2:11PM                      ', '2019-07-23'),
(565, 3, 'SGD', '1107', '1113', '                          Updated on 23/07/2019 - 2:11PM                      ', '2019-07-23'),
(566, 3, 'THB', '48.7', '49.1', '                          Updated on 23/07/2019 - 2:11PM                      ', '2019-07-23'),
(567, 3, 'MYR', '367', '371', '                          Updated on 23/07/2019 - 2:11PM                      ', '2019-07-23'),
(568, 4, 'USD', '1506', '1509', '23.07.2019', '2019-07-23'),
(569, 4, 'SGD', '1105', '1110', '23.07.2019', '2019-07-23'),
(570, 4, 'EUR', '1685', '1695', '23.07.2019', '2019-07-23'),
(571, 4, 'THB', '48.70', '48.95', '23.07.2019', '2019-07-23'),
(572, 5, 'USD', '1506', '1511', 'Updated: 23. 07. 2019', '2019-07-23'),
(573, 5, 'EURO', '1692', '1702', 'Updated: 23. 07. 2019', '2019-07-23'),
(574, 5, 'SGD', '1106', '1111', 'Updated: 23. 07. 2019', '2019-07-23'),
(575, 5, 'THB', '48', '50', 'Updated: 23. 07. 2019', '2019-07-23'),
(576, 6, 'USD', '1504', '1510', '', '2019-07-23'),
(577, 6, 'EUR', '1683', '1698', '', '2019-07-23'),
(578, 6, 'SGD', '1103', '1113', '', '2019-07-23'),
(579, 1, 'USD', '1500', '1507', '24.07.2019', '2019-07-24'),
(580, 1, 'EUR', '1680', '1697', '24.07.2019', '2019-07-24'),
(581, 1, 'SGD', '1095', '1110', '24.07.2019', '2019-07-24'),
(582, 1, 'THB', '48', '49', '24.07.2019', '2019-07-24'),
(583, 2, 'USD', '1505', '1511', '24th July 2019\r\n ( 10:31 AM )', '2019-07-24'),
(584, 2, 'EURO', '1687', '1697', '24th July 2019\r\n ( 10:31 AM )', '2019-07-24'),
(585, 2, 'SGD', '1105', '1111', '24th July 2019\r\n ( 10:31 AM )', '2019-07-24'),
(586, 3, 'USD', '1505', '1511', '                          Updated on 24/07/2019 - 11:02 AM                      ', '2019-07-24'),
(587, 3, 'EUR', '1687', '1697', '                          Updated on 24/07/2019 - 11:02 AM                      ', '2019-07-24'),
(588, 3, 'SGD', '1107', '1113', '                          Updated on 24/07/2019 - 11:02 AM                      ', '2019-07-24'),
(589, 3, 'THB', '48.6', '49', '                          Updated on 24/07/2019 - 11:02 AM                      ', '2019-07-24'),
(590, 3, 'MYR', '366', '370', '                          Updated on 24/07/2019 - 11:02 AM                      ', '2019-07-24'),
(591, 4, 'USD', '1508', '1511', '23.07.2019', '2019-07-24'),
(592, 4, 'SGD', '1106', '1110', '23.07.2019', '2019-07-24'),
(593, 4, 'EUR', '1685', '1695', '23.07.2019', '2019-07-24'),
(594, 4, 'THB', '48.75', '48.95', '23.07.2019', '2019-07-24'),
(595, 5, 'USD', '1506', '1511', 'Updated: 24. 07. 2019', '2019-07-24'),
(596, 5, 'EURO', '1692', '1702', 'Updated: 24. 07. 2019', '2019-07-24'),
(597, 5, 'SGD', '1106', '1111', 'Updated: 24. 07. 2019', '2019-07-24'),
(598, 5, 'THB', '48', '50', 'Updated: 24. 07. 2019', '2019-07-24'),
(599, 6, 'USD', '1505', '1511', '', '2019-07-24'),
(600, 6, 'EUR', '1682', '1697', '', '2019-07-24'),
(601, 6, 'SGD', '1102', '1112', '', '2019-07-24'),
(602, 1, 'USD', '1503', '1510', '25.07.2019', '2019-07-25'),
(603, 1, 'EUR', '1680', '1698', '25.07.2019', '2019-07-25'),
(604, 1, 'SGD', '1096', '1110', '25.07.2019', '2019-07-25'),
(605, 1, 'THB', '48', '49', '25.07.2019', '2019-07-25'),
(606, 2, 'USD', '1507', '1512', '25th July 2019\r\n (  10:24 AM  )', '2019-07-25'),
(607, 2, 'EURO', '1683', '1693', '25th July 2019\r\n (  10:24 AM  )', '2019-07-25'),
(608, 2, 'SGD', '1105', '1112', '25th July 2019\r\n (  10:24 AM  )', '2019-07-25'),
(609, 3, 'USD', '1505', '1511', '                          Updated on 25/07/2019 - 2:30 PM                      ', '2019-07-25'),
(610, 3, 'EUR', '1687', '1697', '                          Updated on 25/07/2019 - 2:30 PM                      ', '2019-07-25'),
(611, 3, 'SGD', '1104', '1110', '                          Updated on 25/07/2019 - 2:30 PM                      ', '2019-07-25'),
(612, 3, 'THB', '48.6', '49', '                          Updated on 25/07/2019 - 2:30 PM                      ', '2019-07-25'),
(613, 3, 'MYR', '366', '370', '                          Updated on 25/07/2019 - 2:30 PM                      ', '2019-07-25'),
(614, 4, 'USD', '1508', '1511', '25.07.2019', '2019-07-25'),
(615, 4, 'SGD', '1106', '1110', '25.07.2019', '2019-07-25'),
(616, 4, 'EUR', '1685', '1695', '25.07.2019', '2019-07-25'),
(617, 4, 'THB', '48.70', '48.90', '25.07.2019', '2019-07-25'),
(618, 5, 'USD', '1508', '1513', 'Updated: 25. 07. 2019', '2019-07-25'),
(619, 5, 'EURO', '1688', '1703', 'Updated: 25. 07. 2019', '2019-07-25'),
(620, 5, 'SGD', '1108', '1113', 'Updated: 25. 07. 2019', '2019-07-25'),
(621, 5, 'THB', '48', '50', 'Updated: 25. 07. 2019', '2019-07-25'),
(622, 6, 'USD', '1507', '1513', '', '2019-07-25'),
(623, 6, 'EUR', '1683', '1698', '', '2019-07-25'),
(624, 6, 'SGD', '1102', '1112', '', '2019-07-25'),
(625, 1, 'USD', '1503', '1510', '26.07.2019', '2019-07-26'),
(626, 1, 'EUR', '1680', '1698', '26.07.2019', '2019-07-26'),
(627, 1, 'SGD', '1096', '1110', '26.07.2019', '2019-07-26'),
(628, 1, 'THB', '48', '49', '26.07.2019', '2019-07-26'),
(629, 2, 'USD', '1507', '1511', '26th July 2019\r\n (  10:58 AM  )', '2019-07-26'),
(630, 2, 'EURO', '1682', '1692', '26th July 2019\r\n (  10:58 AM  )', '2019-07-26'),
(631, 2, 'SGD', '1105', '1112', '26th July 2019\r\n (  10:58 AM  )', '2019-07-26'),
(632, 3, 'USD', '1504', '1510', '                          Updated on 26/07/2019 - 10:35 AM                      ', '2019-07-26'),
(633, 3, 'EUR', '1686', '1696', '                          Updated on 26/07/2019 - 10:35 AM                      ', '2019-07-26'),
(634, 3, 'SGD', '1103', '1109', '                          Updated on 26/07/2019 - 10:35 AM                      ', '2019-07-26'),
(635, 3, 'THB', '48.6', '49', '                          Updated on 26/07/2019 - 10:35 AM                      ', '2019-07-26'),
(636, 3, 'MYR', '365', '369', '                          Updated on 26/07/2019 - 10:35 AM                      ', '2019-07-26'),
(637, 4, 'USD', '1508', '1511', '25.07.2019', '2019-07-26'),
(638, 4, 'SGD', '1106', '1110', '25.07.2019', '2019-07-26'),
(639, 4, 'EUR', '1685', '1695', '25.07.2019', '2019-07-26'),
(640, 4, 'THB', '48.70', '48.90', '25.07.2019', '2019-07-26'),
(641, 5, 'USD', '1507', '1512', 'Updated: 26. 07. 2019', '2019-07-26'),
(642, 5, 'EURO', '1685', '1700', 'Updated: 26. 07. 2019', '2019-07-26'),
(643, 5, 'SGD', '1106', '1111', 'Updated: 26. 07. 2019', '2019-07-26'),
(644, 5, 'THB', '48', '50', 'Updated: 26. 07. 2019', '2019-07-26'),
(645, 6, 'USD', '1507', '1511', '', '2019-07-26'),
(646, 6, 'EUR', '1682', '1696', '', '2019-07-26'),
(647, 6, 'SGD', '1103', '1111', '', '2019-07-26'),
(648, 1, 'USD', '1500', '1510', '27.07.2019', '2019-07-27'),
(649, 1, 'EUR', '1680', '1698', '27.07.2019', '2019-07-27'),
(650, 1, 'SGD', '1096', '1110', '27.07.2019', '2019-07-27'),
(651, 1, 'THB', '48', '49', '27.07.2019', '2019-07-27'),
(652, 2, 'USD', '1507', '1511', '26th July 2019\r\n (  10:58 AM  )', '2019-07-27'),
(653, 2, 'EURO', '1682', '1692', '26th July 2019\r\n (  10:58 AM  )', '2019-07-27'),
(654, 2, 'SGD', '1105', '1112', '26th July 2019\r\n (  10:58 AM  )', '2019-07-27'),
(655, 3, 'USD', '1503', '1509', '                          Updated on 26/07/2019 - 3:39 PM                      ', '2019-07-27'),
(656, 3, 'EUR', '1686', '1696', '                          Updated on 26/07/2019 - 3:39 PM                      ', '2019-07-27'),
(657, 3, 'SGD', '1103', '1109', '                          Updated on 26/07/2019 - 3:39 PM                      ', '2019-07-27'),
(658, 3, 'THB', '48.6', '49', '                          Updated on 26/07/2019 - 3:39 PM                      ', '2019-07-27'),
(659, 3, 'MYR', '365', '369', '                          Updated on 26/07/2019 - 3:39 PM                      ', '2019-07-27'),
(660, 4, 'USD', '1508', '1511', '25.07.2019', '2019-07-27'),
(661, 4, 'SGD', '1106', '1110', '25.07.2019', '2019-07-27'),
(662, 4, 'EUR', '1685', '1695', '25.07.2019', '2019-07-27'),
(663, 4, 'THB', '48.70', '48.90', '25.07.2019', '2019-07-27'),
(664, 5, 'USD', '1507', '1512', 'Updated: 27. 07. 2019', '2019-07-27'),
(665, 5, 'EURO', '1685', '1700', 'Updated: 27. 07. 2019', '2019-07-27'),
(666, 5, 'SGD', '1106', '1111', 'Updated: 27. 07. 2019', '2019-07-27'),
(667, 5, 'THB', '48', '50', 'Updated: 27. 07. 2019', '2019-07-27'),
(668, 6, 'USD', '1507', '1511', '', '2019-07-27'),
(669, 6, 'EUR', '1682', '1696', '', '2019-07-27'),
(670, 6, 'SGD', '1103', '1111', '', '2019-07-27'),
(671, 1, 'USD', '1500', '1510', '28.07.2019', '2019-07-28'),
(672, 1, 'EUR', '1680', '1698', '28.07.2019', '2019-07-28'),
(673, 1, 'SGD', '1096', '1110', '28.07.2019', '2019-07-28'),
(674, 1, 'THB', '48', '49', '28.07.2019', '2019-07-28'),
(675, 2, 'USD', '1507', '1511', '26th July 2019\r\n (  10:58 AM  )', '2019-07-28'),
(676, 2, 'EURO', '1682', '1692', '26th July 2019\r\n (  10:58 AM  )', '2019-07-28'),
(677, 2, 'SGD', '1105', '1112', '26th July 2019\r\n (  10:58 AM  )', '2019-07-28'),
(678, 3, 'USD', '1503', '1509', '                          Updated on 26/07/2019 - 3:39 PM                      ', '2019-07-28'),
(679, 3, 'EUR', '1686', '1696', '                          Updated on 26/07/2019 - 3:39 PM                      ', '2019-07-28'),
(680, 3, 'SGD', '1103', '1109', '                          Updated on 26/07/2019 - 3:39 PM                      ', '2019-07-28'),
(681, 3, 'THB', '48.6', '49', '                          Updated on 26/07/2019 - 3:39 PM                      ', '2019-07-28'),
(682, 3, 'MYR', '365', '369', '                          Updated on 26/07/2019 - 3:39 PM                      ', '2019-07-28'),
(683, 4, 'USD', '1508', '1511', '25.07.2019', '2019-07-28'),
(684, 4, 'SGD', '1106', '1110', '25.07.2019', '2019-07-28'),
(685, 4, 'EUR', '1685', '1695', '25.07.2019', '2019-07-28'),
(686, 4, 'THB', '48.70', '48.90', '25.07.2019', '2019-07-28'),
(687, 5, 'USD', '1507', '1512', 'Updated: 28. 07. 2019', '2019-07-28'),
(688, 5, 'EURO', '1685', '1700', 'Updated: 28. 07. 2019', '2019-07-28'),
(689, 5, 'SGD', '1106', '1111', 'Updated: 28. 07. 2019', '2019-07-28'),
(690, 5, 'THB', '48', '50', 'Updated: 28. 07. 2019', '2019-07-28'),
(691, 6, 'USD', '1507', '1511', '', '2019-07-28'),
(692, 6, 'EUR', '1682', '1696', '', '2019-07-28'),
(693, 6, 'SGD', '1103', '1111', '', '2019-07-28'),
(694, 1, 'USD', '1500', '1507', '29.07.2019', '2019-07-29'),
(695, 1, 'EUR', '1680', '1692', '29.07.2019', '2019-07-29'),
(696, 1, 'SGD', '1097', '1107', '29.07.2019', '2019-07-29'),
(697, 1, 'THB', '48', '49', '29.07.2019', '2019-07-29'),
(698, 2, 'USD', '1503', '1508', '29th July 2019\r\n ( 10:25 AM )', '2019-07-29'),
(699, 2, 'EURO', '1681', '1693', '29th July 2019\r\n ( 10:25 AM )', '2019-07-29'),
(700, 2, 'SGD', '1100', '1108', '29th July 2019\r\n ( 10:25 AM )', '2019-07-29'),
(701, 3, 'USD', '1502', '1508', '                          Updated on 29/07/2019 - 10:03 AM                      ', '2019-07-29'),
(702, 3, 'EUR', '1685', '1695', '                          Updated on 29/07/2019 - 10:03 AM                      ', '2019-07-29'),
(703, 3, 'SGD', '1102', '1108', '                          Updated on 29/07/2019 - 10:03 AM                      ', '2019-07-29'),
(704, 3, 'THB', '48.6', '49', '                          Updated on 29/07/2019 - 10:03 AM                      ', '2019-07-29'),
(705, 3, 'MYR', '366', '370', '                          Updated on 29/07/2019 - 10:03 AM                      ', '2019-07-29'),
(706, 4, 'USD', '1506', '1509', '29.07.2019', '2019-07-29'),
(707, 4, 'SGD', '1102', '1107', '29.07.2019', '2019-07-29'),
(708, 4, 'EUR', '1682', '1692', '29.07.2019', '2019-07-29'),
(709, 4, 'THB', '48.80', '49.00', '29.07.2019', '2019-07-29'),
(710, 5, 'USD', '1504', '1509', 'Updated: 29. 07. 2019', '2019-07-29'),
(711, 5, 'EURO', '1680', '1695', 'Updated: 29. 07. 2019', '2019-07-29'),
(712, 5, 'SGD', '1103', '1108', 'Updated: 29. 07. 2019', '2019-07-29'),
(713, 5, 'THB', '48', '50', 'Updated: 29. 07. 2019', '2019-07-29'),
(714, 6, 'USD', '1504', '1509', '', '2019-07-29'),
(715, 6, 'EUR', '1681', '1696', '', '2019-07-29'),
(716, 6, 'SGD', '1100', '1109', '', '2019-07-29'),
(717, 1, 'USD', '1500', '1507', '30.07.2019', '2019-07-30'),
(718, 1, 'EUR', '1680', '1692', '30.07.2019', '2019-07-30'),
(719, 1, 'SGD', '1097', '1107', '30.07.2019', '2019-07-30'),
(720, 1, 'THB', '48', '49', '30.07.2019', '2019-07-30'),
(721, 2, 'USD', '1503', '1508', '30th July 2019\r\n ( 10:41 AM )', '2019-07-30'),
(722, 2, 'EURO', '1681', '1690', '30th July 2019\r\n ( 10:41 AM )', '2019-07-30'),
(723, 2, 'SGD', '1100', '1107', '30th July 2019\r\n ( 10:41 AM )', '2019-07-30'),
(724, 3, 'USD', '1502', '1508', '                          Updated on 30/07/2019 - 10:12 AM                      ', '2019-07-30'),
(725, 3, 'EUR', '1682', '1692', '                          Updated on 30/07/2019 - 10:12 AM                      ', '2019-07-30'),
(726, 3, 'SGD', '1101', '1107', '                          Updated on 30/07/2019 - 10:12 AM                      ', '2019-07-30'),
(727, 3, 'THB', '48.7', '49', '                          Updated on 30/07/2019 - 10:12 AM                      ', '2019-07-30'),
(728, 3, 'MYR', '366', '370', '                          Updated on 30/07/2019 - 10:12 AM                      ', '2019-07-30'),
(729, 4, 'USD', '1507', '1510', '30.07.2019', '2019-07-30'),
(730, 4, 'SGD', '1103', '1107', '30.07.2019', '2019-07-30'),
(731, 4, 'EUR', '1680', '1690', '30.07.2019', '2019-07-30'),
(732, 4, 'THB', '48.80', '49.10', '30.07.2019', '2019-07-30'),
(733, 5, 'USD', '1506', '1511', 'Updated: 30. 07. 2019', '2019-07-30'),
(734, 5, 'EURO', '1680', '1690', 'Updated: 30. 07. 2019', '2019-07-30'),
(735, 5, 'SGD', '1103', '1108', 'Updated: 30. 07. 2019', '2019-07-30'),
(736, 5, 'THB', '48', '50', 'Updated: 30. 07. 2019', '2019-07-30'),
(737, 6, 'USD', '1504', '1509', '', '2019-07-30'),
(738, 6, 'EUR', '1681', '1696', '', '2019-07-30'),
(739, 6, 'SGD', '1100', '1109', '', '2019-07-30'),
(740, 1, 'USD', '1500', '1508', '31.07.2019', '2019-07-31'),
(741, 1, 'EUR', '1670', '1685', '31.07.2019', '2019-07-31'),
(742, 1, 'SGD', '1093', '1105', '31.07.2019', '2019-07-31'),
(743, 1, 'THB', '48', '49', '31.07.2019', '2019-07-31'),
(744, 2, 'USD', '1504', '1511', '31st July 2019\r\n ( 10:21 AM )', '2019-07-31'),
(745, 2, 'EURO', '1680', '1690', '31st July 2019\r\n ( 10:21 AM )', '2019-07-31'),
(746, 2, 'SGD', '1098', '1106', '31st July 2019\r\n ( 10:21 AM )', '2019-07-31'),
(747, 3, 'USD', '1502', '1508', '                          Updated on 31/07/2019 - 11:58 AM                      ', '2019-07-31'),
(748, 3, 'EUR', '1676', '1686', '                          Updated on 31/07/2019 - 11:58 AM                      ', '2019-07-31'),
(749, 3, 'SGD', '1100', '1106', '                          Updated on 31/07/2019 - 11:58 AM                      ', '2019-07-31'),
(750, 3, 'THB', '48.7', '49', '                          Updated on 31/07/2019 - 11:58 AM                      ', '2019-07-31'),
(751, 3, 'MYR', '366', '370', '                          Updated on 31/07/2019 - 11:58 AM                      ', '2019-07-31'),
(752, 4, 'USD', '1505', '1508', '31.07.2019', '2019-07-31'),
(753, 4, 'SGD', '1100', '1105', '31.07.2019', '2019-07-31'),
(754, 4, 'EUR', '1675', '1685', '31.07.2019', '2019-07-31'),
(755, 4, 'THB', '48.80', '49.10', '31.07.2019', '2019-07-31'),
(756, 5, 'USD', '1506', '1511', 'Updated: 31. 07. 2019', '2019-07-31'),
(757, 5, 'EURO', '1680', '1690', 'Updated: 31. 07. 2019', '2019-07-31'),
(758, 5, 'SGD', '1100', '1105', 'Updated: 31. 07. 2019', '2019-07-31'),
(759, 5, 'THB', '48', '50', 'Updated: 31. 07. 2019', '2019-07-31'),
(760, 6, 'USD', '1504', '1509', '', '2019-07-31'),
(761, 6, 'EUR', '1681', '1696', '', '2019-07-31'),
(762, 6, 'SGD', '1100', '1109', '', '2019-07-31'),
(832, 1, 'USD', '1503', '1510', '01.08.2019', '2019-08-01'),
(833, 1, 'EUR', '1655', '1675', '01.08.2019', '2019-08-01'),
(834, 1, 'SGD', '1093', '1103', '01.08.2019', '2019-08-01'),
(835, 1, 'THB', '48', '49', '01.08.2019', '2019-08-01'),
(836, 2, 'USD', '1505', '1511', '1st August 2019\r\n ( 10:38 AM )', '2019-08-01'),
(837, 2, 'EURO', '1675', '1685', '1st August 2019\r\n ( 10:38 AM )', '2019-08-01'),
(838, 2, 'SGD', '1095', '1106', '1st August 2019\r\n ( 10:38 AM )', '2019-08-01'),
(839, 3, 'USD', '1506', '1511', '                          Updated on 01/08/2019 - 11:03 AM                      ', '2019-08-01'),
(840, 3, 'EUR', '1678', '1688', '                          Updated on 01/08/2019 - 11:03 AM                      ', '2019-08-01'),
(841, 3, 'SGD', '1097', '1103', '                          Updated on 01/08/2019 - 11:03 AM                      ', '2019-08-01'),
(842, 3, 'THB', '48.7', '48.9', '                          Updated on 01/08/2019 - 11:03 AM                      ', '2019-08-01'),
(843, 3, 'MYR', '364', '369', '                          Updated on 01/08/2019 - 11:03 AM                      ', '2019-08-01'),
(844, 4, 'USD', '1506', '1510', '01.08.2019', '2019-08-01'),
(845, 4, 'SGD', '1097', '1104', '01.08.2019', '2019-08-01'),
(846, 4, 'EUR', '1667', '1682', '01.08.2019', '2019-08-01'),
(847, 4, 'THB', '48.80', '49.10', '01.08.2019', '2019-08-01'),
(848, 5, 'USD', '1507', '1512', 'Updated: 01. 08. 2019', '2019-08-01'),
(849, 5, 'EURO', '1670', '1685', 'Updated: 01. 08. 2019', '2019-08-01'),
(850, 5, 'SGD', '1097', '1102', 'Updated: 01. 08. 2019', '2019-08-01'),
(851, 5, 'THB', '48', '50', 'Updated: 01. 08. 2019', '2019-08-01'),
(852, 6, 'USD', '1504', '1509', '', '2019-08-01'),
(853, 6, 'EUR', '1681', '1696', '', '2019-08-01'),
(854, 6, 'SGD', '1100', '1109', '', '2019-08-01'),
(855, 1, 'USD', '1503', '1510', '02.08.2019', '2019-08-02'),
(856, 1, 'EUR', '1655', '1675', '02.08.2019', '2019-08-02'),
(857, 1, 'SGD', '1093', '1103', '02.08.2019', '2019-08-02'),
(858, 1, 'THB', '48', '49', '02.08.2019', '2019-08-02'),
(859, 2, 'USD', '1506', '1512', '2nd August 2019\r\n ( 10:34 AM )', '2019-08-02'),
(860, 2, 'EURO', '1675', '1685', '2nd August 2019\r\n ( 10:34 AM )', '2019-08-02'),
(861, 2, 'SGD', '1097', '1103', '2nd August 2019\r\n ( 10:34 AM )', '2019-08-02'),
(862, 3, 'USD', '1507', '1512', '                          Updated on 02/08/2019 - 10:17 AM                      ', '2019-08-02'),
(863, 3, 'EUR', '1674', '1684', '                          Updated on 02/08/2019 - 10:17 AM                      ', '2019-08-02'),
(864, 3, 'SGD', '1097', '1103', '                          Updated on 02/08/2019 - 10:17 AM                      ', '2019-08-02'),
(865, 3, 'THB', '48.8', '49', '                          Updated on 02/08/2019 - 10:17 AM                      ', '2019-08-02'),
(866, 3, 'MYR', '365', '369', '                          Updated on 02/08/2019 - 10:17 AM                      ', '2019-08-02'),
(867, 4, 'USD', '1509', '1512', '02.08.2019', '2019-08-02'),
(868, 4, 'SGD', '1097', '1102', '02.08.2019', '2019-08-02'),
(869, 4, 'EUR', '1670', '1680', '02.08.2019', '2019-08-02'),
(870, 4, 'THB', '48.80', '49.10', '02.08.2019', '2019-08-02'),
(871, 5, 'USD', '1509', '1514', 'Updated: 02. 08. 2019', '2019-08-02'),
(872, 5, 'EURO', '1665', '1680', 'Updated: 02. 08. 2019', '2019-08-02'),
(873, 5, 'SGD', '1097', '1102', 'Updated: 02. 08. 2019', '2019-08-02'),
(874, 5, 'THB', '48', '50', 'Updated: 02. 08. 2019', '2019-08-02'),
(875, 6, 'USD', '1504', '1509', '', '2019-08-02'),
(876, 6, 'EUR', '1681', '1696', '', '2019-08-02'),
(877, 6, 'SGD', '1100', '1109', '', '2019-08-02'),
(878, 1, 'USD', '1503', '1511', '03.08.2019', '2019-08-03'),
(879, 1, 'EUR', '1655', '1675', '03.08.2019', '2019-08-03'),
(880, 1, 'SGD', '1093', '1103', '03.08.2019', '2019-08-03'),
(881, 1, 'THB', '48', '49', '03.08.2019', '2019-08-03'),
(882, 2, 'USD', '1506', '1512', '2nd August 2019\r\n ( 10:34 AM )', '2019-08-03'),
(883, 2, 'EURO', '1675', '1685', '2nd August 2019\r\n ( 10:34 AM )', '2019-08-03'),
(884, 2, 'SGD', '1097', '1103', '2nd August 2019\r\n ( 10:34 AM )', '2019-08-03'),
(885, 3, 'USD', '1507', '1512', '                          Updated on 02/08/2019 - 10:17 AM                      ', '2019-08-03'),
(886, 3, 'EUR', '1674', '1684', '                          Updated on 02/08/2019 - 10:17 AM                      ', '2019-08-03'),
(887, 3, 'SGD', '1097', '1103', '                          Updated on 02/08/2019 - 10:17 AM                      ', '2019-08-03'),
(888, 3, 'THB', '48.8', '49', '                          Updated on 02/08/2019 - 10:17 AM                      ', '2019-08-03'),
(889, 3, 'MYR', '365', '369', '                          Updated on 02/08/2019 - 10:17 AM                      ', '2019-08-03'),
(890, 4, 'USD', '1509', '1512', '02.08.2019', '2019-08-03'),
(891, 4, 'SGD', '1097', '1102', '02.08.2019', '2019-08-03'),
(892, 4, 'EUR', '1670', '1680', '02.08.2019', '2019-08-03'),
(893, 4, 'THB', '48.80', '49.10', '02.08.2019', '2019-08-03'),
(894, 5, 'USD', '1509', '1514', 'Updated: 03. 08. 2019', '2019-08-03'),
(895, 5, 'EURO', '1665', '1680', 'Updated: 03. 08. 2019', '2019-08-03'),
(896, 5, 'SGD', '1097', '1102', 'Updated: 03. 08. 2019', '2019-08-03'),
(897, 5, 'THB', '48', '50', 'Updated: 03. 08. 2019', '2019-08-03'),
(898, 6, 'USD', '1504', '1509', '', '2019-08-03'),
(899, 6, 'EUR', '1681', '1696', '', '2019-08-03'),
(900, 6, 'SGD', '1100', '1109', '', '2019-08-03'),
(901, 1, 'USD', '1503', '1511', '04.08.2019', '2019-08-04'),
(902, 1, 'EUR', '1655', '1675', '04.08.2019', '2019-08-04'),
(903, 1, 'SGD', '1093', '1103', '04.08.2019', '2019-08-04'),
(904, 1, 'THB', '48', '49', '04.08.2019', '2019-08-04'),
(905, 2, 'USD', '1506', '1512', '2nd August 2019\r\n ( 10:34 AM )', '2019-08-04'),
(906, 2, 'EURO', '1675', '1685', '2nd August 2019\r\n ( 10:34 AM )', '2019-08-04'),
(907, 2, 'SGD', '1097', '1103', '2nd August 2019\r\n ( 10:34 AM )', '2019-08-04'),
(908, 3, 'USD', '1507', '1512', '                          Updated on 02/08/2019 - 10:17 AM                      ', '2019-08-04'),
(909, 3, 'EUR', '1674', '1684', '                          Updated on 02/08/2019 - 10:17 AM                      ', '2019-08-04'),
(910, 3, 'SGD', '1097', '1103', '                          Updated on 02/08/2019 - 10:17 AM                      ', '2019-08-04'),
(911, 3, 'THB', '48.8', '49', '                          Updated on 02/08/2019 - 10:17 AM                      ', '2019-08-04'),
(912, 3, 'MYR', '365', '369', '                          Updated on 02/08/2019 - 10:17 AM                      ', '2019-08-04'),
(913, 4, 'USD', '1509', '1512', '02.08.2019', '2019-08-04'),
(914, 4, 'SGD', '1097', '1102', '02.08.2019', '2019-08-04'),
(915, 4, 'EUR', '1670', '1680', '02.08.2019', '2019-08-04'),
(916, 4, 'THB', '48.80', '49.10', '02.08.2019', '2019-08-04'),
(917, 5, 'USD', '1509', '1514', 'Updated: 04. 08. 2019', '2019-08-04'),
(918, 5, 'EURO', '1665', '1680', 'Updated: 04. 08. 2019', '2019-08-04'),
(919, 5, 'SGD', '1097', '1102', 'Updated: 04. 08. 2019', '2019-08-04'),
(920, 5, 'THB', '48', '50', 'Updated: 04. 08. 2019', '2019-08-04'),
(921, 6, 'USD', '1504', '1509', '', '2019-08-04'),
(922, 6, 'EUR', '1681', '1696', '', '2019-08-04'),
(923, 6, 'SGD', '1100', '1109', '', '2019-08-04'),
(924, 1, 'USD', '1504', '1510', '05.08.2019', '2019-08-05'),
(925, 1, 'EUR', '1660', '1680', '05.08.2019', '2019-08-05'),
(926, 1, 'SGD', '1090', '1100', '05.08.2019', '2019-08-05'),
(927, 1, 'THB', '48', '49.50', '05.08.2019', '2019-08-05'),
(928, 2, 'USD', '1506', '1511', '5th August 2019\r\n ( 10:36 AM )', '2019-08-05'),
(929, 2, 'EURO', '1670', '1680', '5th August 2019\r\n ( 10:36 AM )', '2019-08-05'),
(930, 2, 'SGD', '1097', '1101', '5th August 2019\r\n ( 10:36 AM )', '2019-08-05'),
(931, 3, 'USD', '1503', '1509', '                          Updated on 05/08/2019 - 11:44 AM                      ', '2019-08-05'),
(932, 3, 'EUR', '1670', '1685', '                          Updated on 05/08/2019 - 11:44 AM                      ', '2019-08-05'),
(933, 3, 'SGD', '1095', '1105', '                          Updated on 05/08/2019 - 11:44 AM                      ', '2019-08-05'),
(934, 3, 'THB', '48.8', '49', '                          Updated on 05/08/2019 - 11:44 AM                      ', '2019-08-05'),
(935, 3, 'MYR', '365', '369', '                          Updated on 05/08/2019 - 11:44 AM                      ', '2019-08-05'),
(936, 4, 'USD', '1507', '1510', '05.08.2019', '2019-08-05'),
(937, 4, 'SGD', '1094', '1100', '05.08.2019', '2019-08-05'),
(938, 4, 'EUR', '1670', '1680', '05.08.2019', '2019-08-05'),
(939, 4, 'THB', '48.80', '49.20', '05.08.2019', '2019-08-05'),
(940, 5, 'USD', '1505', '1510', 'Updated: 05. 08. 2019', '2019-08-05'),
(941, 5, 'EURO', '1665', '1680', 'Updated: 05. 08. 2019', '2019-08-05'),
(942, 5, 'SGD', '1096', '1101', 'Updated: 05. 08. 2019', '2019-08-05'),
(943, 5, 'THB', '48', '50', 'Updated: 05. 08. 2019', '2019-08-05'),
(944, 6, 'USD', '1504', '1509', '', '2019-08-05'),
(945, 6, 'EUR', '1681', '1696', '', '2019-08-05'),
(946, 6, 'SGD', '1100', '1109', '', '2019-08-05'),
(947, 1, 'USD', '1502', '1508', '06.08.2019', '2019-08-06'),
(948, 1, 'EUR', '1660', '1680', '06.08.2019', '2019-08-06'),
(949, 1, 'SGD', '1090', '1100', '06.08.2019', '2019-08-06'),
(950, 1, 'THB', '48', '49.50', '06.08.2019', '2019-08-06'),
(951, 2, 'USD', '1505', '1511', '6th August 2019\r\n ( 10:40 AM )', '2019-08-06'),
(952, 2, 'EURO', '1672', '1685', '6th August 2019\r\n ( 10:40 AM )', '2019-08-06'),
(953, 2, 'SGD', '1093', '1103', '6th August 2019\r\n ( 10:40 AM )', '2019-08-06'),
(954, 3, 'USD', '1502', '1508', '                          Updated on 06/08/2019 - 10:15 AM                      ', '2019-08-06'),
(955, 3, 'EUR', '1672', '1688', '                          Updated on 06/08/2019 - 10:15 AM                      ', '2019-08-06'),
(956, 3, 'SGD', '1092', '1100', '                          Updated on 06/08/2019 - 10:15 AM                      ', '2019-08-06'),
(957, 3, 'THB', '48.8', '49', '                          Updated on 06/08/2019 - 10:15 AM                      ', '2019-08-06'),
(958, 3, 'MYR', '362', '368', '                          Updated on 06/08/2019 - 10:15 AM                      ', '2019-08-06'),
(959, 4, 'USD', '1506', '1509', '06.08.2019', '2019-08-06'),
(960, 4, 'SGD', '1090', '1095', '06.08.2019', '2019-08-06'),
(961, 4, 'EUR', '1672', '1688', '06.08.2019', '2019-08-06');
INSERT INTO `exchange_daily_rate` (`id`, `bank_id`, `exchange_currency`, `exchange_buy`, `exchange_sell`, `bank_update_time`, `exchange_date`) VALUES
(962, 4, 'THB', '48.80', '49.10', '06.08.2019', '2019-08-06'),
(963, 5, 'USD', '1507', '1512', 'Updated: 06. 08. 2019', '2019-08-06'),
(964, 5, 'EURO', '1668', '1688', 'Updated: 06. 08. 2019', '2019-08-06'),
(965, 5, 'SGD', '1092', '1097', 'Updated: 06. 08. 2019', '2019-08-06'),
(966, 5, 'THB', '48', '50', 'Updated: 06. 08. 2019', '2019-08-06'),
(967, 6, 'USD', '1504', '1509', '', '2019-08-06'),
(968, 6, 'EUR', '1681', '1696', '', '2019-08-06'),
(969, 6, 'SGD', '1100', '1109', '', '2019-08-06'),
(970, 1, 'USD', '1500', '1508', '07.08.2019', '2019-08-07'),
(971, 1, 'EUR', '1660', '1680', '07.08.2019', '2019-08-07'),
(972, 1, 'SGD', '1085', '1096', '07.08.2019', '2019-08-07'),
(973, 1, 'THB', '48', '49.50', '07.08.2019', '2019-08-07'),
(974, 2, 'USD', '1503', '1510', '7th August 2019\r\n ( 10:37 AM )', '2019-08-07'),
(975, 2, 'EURO', '1675', '1688', '7th August 2019\r\n ( 10:37 AM )', '2019-08-07'),
(976, 2, 'SGD', '1090', '1097', '7th August 2019\r\n ( 10:37 AM )', '2019-08-07'),
(977, 3, 'USD', '1501', '1507', '                          Updated on 07/08/2019 - 10:08 AM                      ', '2019-08-07'),
(978, 3, 'EUR', '1680', '1690', '                          Updated on 07/08/2019 - 10:08 AM                      ', '2019-08-07'),
(979, 3, 'SGD', '1088', '1098', '                          Updated on 07/08/2019 - 10:08 AM                      ', '2019-08-07'),
(980, 3, 'THB', '48.7', '49', '                          Updated on 07/08/2019 - 10:08 AM                      ', '2019-08-07'),
(981, 3, 'MYR', '361', '367', '                          Updated on 07/08/2019 - 10:08 AM                      ', '2019-08-07'),
(982, 4, 'USD', '1505', '1508', '07.08.2019', '2019-08-07'),
(983, 4, 'SGD', '1090', '1095', '07.08.2019', '2019-08-07'),
(984, 4, 'EUR', '1675', '1687', '07.08.2019', '2019-08-07'),
(985, 4, 'THB', '48.80', '49.10', '07.08.2019', '2019-08-07'),
(986, 5, 'USD', '1505', '1510', 'Updated: 07. 08. 2019', '2019-08-07'),
(987, 5, 'EURO', '1668', '1688', 'Updated: 07. 08. 2019', '2019-08-07'),
(988, 5, 'SGD', '1087', '1097', 'Updated: 07. 08. 2019', '2019-08-07'),
(989, 5, 'THB', '48', '50', 'Updated: 07. 08. 2019', '2019-08-07'),
(990, 6, 'USD', '1504', '1509', '', '2019-08-07'),
(991, 6, 'EUR', '1681', '1696', '', '2019-08-07'),
(992, 6, 'SGD', '1100', '1109', '', '2019-08-07'),
(993, 1, 'USD', '1500', '1508', '08.08.2019', '2019-08-08'),
(994, 1, 'EUR', '1660', '1680', '08.08.2019', '2019-08-08'),
(995, 1, 'SGD', '1080', '1095', '08.08.2019', '2019-08-08'),
(996, 1, 'THB', '48', '49.50', '08.08.2019', '2019-08-08'),
(997, 2, 'USD', '1504', '1509', '8th August 2019\r\n ( 10:26 AM )', '2019-08-08'),
(998, 2, 'EURO', '1675', '1685', '8th August 2019\r\n ( 10:26 AM )', '2019-08-08'),
(999, 2, 'SGD', '1085', '1095', '8th August 2019\r\n ( 10:26 AM )', '2019-08-08'),
(1000, 3, 'USD', '1501', '1507', '                          Updated on 08/08/2019 - 10:15 AM                      ', '2019-08-08'),
(1001, 3, 'EUR', '1677', '1687', '                          Updated on 08/08/2019 - 10:15 AM                      ', '2019-08-08'),
(1002, 3, 'SGD', '1085', '1095', '                          Updated on 08/08/2019 - 10:15 AM                      ', '2019-08-08'),
(1003, 3, 'THB', '48.6', '48.9', '                          Updated on 08/08/2019 - 10:15 AM                      ', '2019-08-08'),
(1004, 3, 'MYR', '361', '367', '                          Updated on 08/08/2019 - 10:15 AM                      ', '2019-08-08'),
(1005, 4, 'USD', '1505', '1508', '08.08.2019', '2019-08-08'),
(1006, 4, 'SGD', '1090', '1095', '08.08.2019', '2019-08-08'),
(1007, 4, 'EUR', '1675', '1685', '08.08.2019', '2019-08-08'),
(1008, 4, 'THB', '48.80', '49.10', '08.08.2019', '2019-08-08'),
(1009, 5, 'USD', '1504', '1509', 'Updated: 08. 08. 2019', '2019-08-08'),
(1010, 5, 'EURO', '1675', '1695', 'Updated: 08. 08. 2019', '2019-08-08'),
(1011, 5, 'SGD', '1085', '1095', 'Updated: 08. 08. 2019', '2019-08-08'),
(1012, 5, 'THB', '48', '50', 'Updated: 08. 08. 2019', '2019-08-08'),
(1013, 6, 'USD', '1504', '1509', '', '2019-08-08'),
(1014, 6, 'EUR', '1681', '1696', '', '2019-08-08'),
(1015, 6, 'SGD', '1100', '1109', '', '2019-08-08'),
(1016, 1, 'USD', '1502', '1508', '09.08.2019', '2019-08-09'),
(1017, 1, 'EUR', '1660', '1680', '09.08.2019', '2019-08-09'),
(1018, 1, 'SGD', '1080', '1090', '09.08.2019', '2019-08-09'),
(1019, 1, 'THB', '48', '49.50', '09.08.2019', '2019-08-09'),
(1020, 2, 'USD', '1504', '1510', '9th August 2019\r\n ( 10:45 AM  )', '2019-08-09'),
(1021, 2, 'EURO', '1675', '1685', '9th August 2019\r\n ( 10:45 AM  )', '2019-08-09'),
(1022, 2, 'SGD', '1085', '1095', '9th August 2019\r\n ( 10:45 AM  )', '2019-08-09'),
(1023, 3, 'USD', '1501', '1507', '                          Updated on 08/08/2019 - 10:15 AM                      ', '2019-08-09'),
(1024, 3, 'EUR', '1677', '1687', '                          Updated on 08/08/2019 - 10:15 AM                      ', '2019-08-09'),
(1025, 3, 'SGD', '1085', '1095', '                          Updated on 08/08/2019 - 10:15 AM                      ', '2019-08-09'),
(1026, 3, 'THB', '48.6', '48.9', '                          Updated on 08/08/2019 - 10:15 AM                      ', '2019-08-09'),
(1027, 3, 'MYR', '361', '367', '                          Updated on 08/08/2019 - 10:15 AM                      ', '2019-08-09'),
(1028, 4, 'USD', '1505', '1509', '09.08.2019', '2019-08-09'),
(1029, 4, 'SGD', '1090', '1095', '09.08.2019', '2019-08-09'),
(1030, 4, 'EUR', '1675', '1685', '09.08.2019', '2019-08-09'),
(1031, 4, 'THB', '48.80', '49.10', '09.08.2019', '2019-08-09'),
(1032, 5, 'USD', '1504', '1509', 'Updated: 09. 08. 2019', '2019-08-09'),
(1033, 5, 'EURO', '1675', '1695', 'Updated: 09. 08. 2019', '2019-08-09'),
(1034, 5, 'SGD', '1085', '1095', 'Updated: 09. 08. 2019', '2019-08-09'),
(1035, 5, 'THB', '48', '50', 'Updated: 09. 08. 2019', '2019-08-09'),
(1036, 6, 'USD', '1504', '1509', '', '2019-08-09'),
(1037, 6, 'EUR', '1681', '1696', '', '2019-08-09'),
(1038, 6, 'SGD', '1100', '1109', '', '2019-08-09'),
(1039, 1, 'USD', '1500', '1508', '10.08.2019', '2019-08-10'),
(1040, 1, 'EUR', '1660', '1680', '10.08.2019', '2019-08-10'),
(1041, 1, 'SGD', '1080', '1090', '10.08.2019', '2019-08-10'),
(1042, 1, 'THB', '48', '49.50', '10.08.2019', '2019-08-10'),
(1043, 2, 'USD', '1506', '1512', '9th August 2019\r\n ( 12:25 PM   )', '2019-08-10'),
(1044, 2, 'EURO', '1675', '1685', '9th August 2019\r\n ( 12:25 PM   )', '2019-08-10'),
(1045, 2, 'SGD', '1085', '1095', '9th August 2019\r\n ( 12:25 PM   )', '2019-08-10'),
(1046, 3, 'USD', '1507', '1511', '                          Updated on 09/08/2019 - 4:51 PM                      ', '2019-08-10'),
(1047, 3, 'EUR', '1677', '1687', '                          Updated on 09/08/2019 - 4:51 PM                      ', '2019-08-10'),
(1048, 3, 'SGD', '1082', '1092', '                          Updated on 09/08/2019 - 4:51 PM                      ', '2019-08-10'),
(1049, 3, 'THB', '48.7', '49', '                          Updated on 09/08/2019 - 4:51 PM                      ', '2019-08-10'),
(1050, 3, 'MYR', '360', '366', '                          Updated on 09/08/2019 - 4:51 PM                      ', '2019-08-10'),
(1051, 4, 'USD', '1507', '1512', '09.08.2019', '2019-08-10'),
(1052, 4, 'SGD', '1090', '1095', '09.08.2019', '2019-08-10'),
(1053, 4, 'EUR', '1675', '1685', '09.08.2019', '2019-08-10'),
(1054, 4, 'THB', '48.80', '49.10', '09.08.2019', '2019-08-10'),
(1055, 5, 'USD', '1508', '1514', 'Updated: 10. 08. 2019', '2019-08-10'),
(1056, 5, 'EURO', '1673', '1693', 'Updated: 10. 08. 2019', '2019-08-10'),
(1057, 5, 'SGD', '1085', '1095', 'Updated: 10. 08. 2019', '2019-08-10'),
(1058, 5, 'THB', '48', '50', 'Updated: 10. 08. 2019', '2019-08-10'),
(1059, 6, 'USD', '1504', '1509', '', '2019-08-10'),
(1060, 6, 'EUR', '1681', '1696', '', '2019-08-10'),
(1061, 6, 'SGD', '1100', '1109', '', '2019-08-10'),
(1062, 1, 'USD', '1500', '1508', '11.08.2019', '2019-08-11'),
(1063, 1, 'EUR', '1660', '1680', '11.08.2019', '2019-08-11'),
(1064, 1, 'SGD', '1080', '1090', '11.08.2019', '2019-08-11'),
(1065, 1, 'THB', '48', '49.50', '11.08.2019', '2019-08-11'),
(1066, 2, 'USD', '1506', '1512', '9th August 2019\r\n ( 12:25 PM   )', '2019-08-11'),
(1067, 2, 'EURO', '1675', '1685', '9th August 2019\r\n ( 12:25 PM   )', '2019-08-11'),
(1068, 2, 'SGD', '1085', '1095', '9th August 2019\r\n ( 12:25 PM   )', '2019-08-11'),
(1069, 3, 'USD', '1507', '1511', '                          Updated on 09/08/2019 - 4:51 PM                      ', '2019-08-11'),
(1070, 3, 'EUR', '1677', '1687', '                          Updated on 09/08/2019 - 4:51 PM                      ', '2019-08-11'),
(1071, 3, 'SGD', '1082', '1092', '                          Updated on 09/08/2019 - 4:51 PM                      ', '2019-08-11'),
(1072, 3, 'THB', '48.7', '49', '                          Updated on 09/08/2019 - 4:51 PM                      ', '2019-08-11'),
(1073, 3, 'MYR', '360', '366', '                          Updated on 09/08/2019 - 4:51 PM                      ', '2019-08-11'),
(1074, 4, 'USD', '1507', '1512', '09.08.2019', '2019-08-11'),
(1075, 4, 'SGD', '1090', '1095', '09.08.2019', '2019-08-11'),
(1076, 4, 'EUR', '1675', '1685', '09.08.2019', '2019-08-11'),
(1077, 4, 'THB', '48.80', '49.10', '09.08.2019', '2019-08-11'),
(1078, 5, 'USD', '1508', '1514', 'Updated: 11. 08. 2019', '2019-08-11'),
(1079, 5, 'EURO', '1673', '1693', 'Updated: 11. 08. 2019', '2019-08-11'),
(1080, 5, 'SGD', '1085', '1095', 'Updated: 11. 08. 2019', '2019-08-11'),
(1081, 5, 'THB', '48', '50', 'Updated: 11. 08. 2019', '2019-08-11'),
(1082, 6, 'USD', '1504', '1509', '', '2019-08-11'),
(1083, 6, 'EUR', '1681', '1696', '', '2019-08-11'),
(1084, 6, 'SGD', '1100', '1109', '', '2019-08-11'),
(1085, 1, 'USD', '1500', '1508', '12.08.2019', '2019-08-12'),
(1086, 1, 'EUR', '1660', '1680', '12.08.2019', '2019-08-12'),
(1087, 1, 'SGD', '1080', '1090', '12.08.2019', '2019-08-12'),
(1088, 1, 'THB', '48', '49.50', '12.08.2019', '2019-08-12'),
(1089, 2, 'USD', '1506', '1512', '9th August 2019\r\n ( 12:25 PM   )', '2019-08-12'),
(1090, 2, 'EURO', '1675', '1685', '9th August 2019\r\n ( 12:25 PM   )', '2019-08-12'),
(1091, 2, 'SGD', '1085', '1095', '9th August 2019\r\n ( 12:25 PM   )', '2019-08-12'),
(1092, 3, 'USD', '1507', '1511', '                          Updated on 09/08/2019 - 4:51 PM                      ', '2019-08-12'),
(1093, 3, 'EUR', '1677', '1687', '                          Updated on 09/08/2019 - 4:51 PM                      ', '2019-08-12'),
(1094, 3, 'SGD', '1082', '1092', '                          Updated on 09/08/2019 - 4:51 PM                      ', '2019-08-12'),
(1095, 3, 'THB', '48.7', '49', '                          Updated on 09/08/2019 - 4:51 PM                      ', '2019-08-12'),
(1096, 3, 'MYR', '360', '366', '                          Updated on 09/08/2019 - 4:51 PM                      ', '2019-08-12'),
(1097, 4, 'USD', '1507', '1512', '09.08.2019', '2019-08-12'),
(1098, 4, 'SGD', '1090', '1095', '09.08.2019', '2019-08-12'),
(1099, 4, 'EUR', '1675', '1685', '09.08.2019', '2019-08-12'),
(1100, 4, 'THB', '48.80', '49.10', '09.08.2019', '2019-08-12'),
(1101, 5, 'USD', '1508', '1514', 'Updated: 12. 08. 2019', '2019-08-12'),
(1102, 5, 'EURO', '1673', '1693', 'Updated: 12. 08. 2019', '2019-08-12'),
(1103, 5, 'SGD', '1085', '1095', 'Updated: 12. 08. 2019', '2019-08-12'),
(1104, 5, 'THB', '48', '50', 'Updated: 12. 08. 2019', '2019-08-12'),
(1105, 6, 'USD', '1504', '1509', '', '2019-08-12'),
(1106, 6, 'EUR', '1681', '1696', '', '2019-08-12'),
(1107, 6, 'SGD', '1100', '1109', '', '2019-08-12'),
(1108, 1, 'USD', '1500', '1508', '13.08.2019', '2019-08-13'),
(1109, 1, 'EUR', '1660', '1680', '13.08.2019', '2019-08-13'),
(1110, 1, 'SGD', '1080', '1090', '13.08.2019', '2019-08-13'),
(1111, 1, 'THB', '48', '49.50', '13.08.2019', '2019-08-13'),
(1112, 2, 'USD', '1508', '1513', '13th August 2019\r\n ( 10:26 AM )', '2019-08-13'),
(1113, 2, 'EURO', '1675', '1685', '13th August 2019\r\n ( 10:26 AM )', '2019-08-13'),
(1114, 2, 'SGD', '1085', '1093', '13th August 2019\r\n ( 10:26 AM )', '2019-08-13'),
(1115, 3, 'USD', '1508', '1512', '                          Updated on 13/08/2019 - 10:00 AM                      ', '2019-08-13'),
(1116, 3, 'EUR', '1674', '1684', '                          Updated on 13/08/2019 - 10:00 AM                      ', '2019-08-13'),
(1117, 3, 'SGD', '1080', '1090', '                          Updated on 13/08/2019 - 10:00 AM                      ', '2019-08-13'),
(1118, 3, 'THB', '48.8', '49.1', '                          Updated on 13/08/2019 - 10:00 AM                      ', '2019-08-13'),
(1119, 3, 'MYR', '357', '363', '                          Updated on 13/08/2019 - 10:00 AM                      ', '2019-08-13'),
(1120, 4, 'USD', '1509', '1512', '13.08.2019', '2019-08-13'),
(1121, 4, 'SGD', '1086', '1090', '13.08.2019', '2019-08-13'),
(1122, 4, 'EUR', '1675', '1687', '13.08.2019', '2019-08-13'),
(1123, 4, 'THB', '48.90', '49.20', '13.08.2019', '2019-08-13'),
(1124, 5, 'USD', '1508', '1513', 'Updated: 13. 08. 2019', '2019-08-13'),
(1125, 5, 'EURO', '1673', '1693', 'Updated: 13. 08. 2019', '2019-08-13'),
(1126, 5, 'SGD', '1085', '1095', 'Updated: 13. 08. 2019', '2019-08-13'),
(1127, 5, 'THB', '48', '50', 'Updated: 13. 08. 2019', '2019-08-13'),
(1128, 6, 'USD', '1504', '1509', '', '2019-08-13'),
(1129, 6, 'EUR', '1681', '1696', '', '2019-08-13'),
(1130, 6, 'SGD', '1100', '1109', '', '2019-08-13'),
(1131, 1, 'USD', '1500', '1510', '14.08.2019', '2019-08-14'),
(1132, 1, 'EUR', '1670', '1685', '14.08.2019', '2019-08-14'),
(1133, 1, 'SGD', '1085', '1090', '14.08.2019', '2019-08-14'),
(1134, 1, 'THB', '48', '49.50', '14.08.2019', '2019-08-14'),
(1135, 2, 'USD', '1507', '1511', '14th August 2019\r\n ( 10:21 AM  )', '2019-08-14'),
(1136, 2, 'EURO', '1673', '1683', '14th August 2019\r\n ( 10:21 AM  )', '2019-08-14'),
(1137, 2, 'SGD', '1083', '1091', '14th August 2019\r\n ( 10:21 AM  )', '2019-08-14'),
(1138, 3, 'USD', '1507', '1511', '                          Updated on 14/08/2019 - 9:55 AM                      ', '2019-08-14'),
(1139, 3, 'EUR', '1674', '1684', '                          Updated on 14/08/2019 - 9:55 AM                      ', '2019-08-14'),
(1140, 3, 'SGD', '1081', '1091', '                          Updated on 14/08/2019 - 9:55 AM                      ', '2019-08-14'),
(1141, 3, 'THB', '48.8', '49.1', '                          Updated on 14/08/2019 - 9:55 AM                      ', '2019-08-14'),
(1142, 3, 'MYR', '357', '363', '                          Updated on 14/08/2019 - 9:55 AM                      ', '2019-08-14'),
(1143, 4, 'USD', '1508', '1511', '14.08.2019', '2019-08-14'),
(1144, 4, 'SGD', '1086', '1090', '14.08.2019', '2019-08-14'),
(1145, 4, 'EUR', '1673', '1685', '14.08.2019', '2019-08-14'),
(1146, 4, 'THB', '48.90', '49.15', '14.08.2019', '2019-08-14'),
(1147, 5, 'USD', '1507', '1512', 'Updated: 14. 08. 2019', '2019-08-14'),
(1148, 5, 'EURO', '1675', '1695', 'Updated: 14. 08. 2019', '2019-08-14'),
(1149, 5, 'SGD', '1088', '1093', 'Updated: 14. 08. 2019', '2019-08-14'),
(1150, 5, 'THB', '48', '50', 'Updated: 14. 08. 2019', '2019-08-14'),
(1151, 6, 'USD', '1504', '1509', '', '2019-08-14'),
(1152, 6, 'EUR', '1681', '1696', '', '2019-08-14'),
(1153, 6, 'SGD', '1100', '1109', '', '2019-08-14'),
(1154, 1, 'USD', '1500', '1510', '15.08.2019', '2019-08-15'),
(1155, 1, 'EUR', '1665', '1680', '15.08.2019', '2019-08-15'),
(1156, 1, 'SGD', '1080', '1090', '15.08.2019', '2019-08-15'),
(1157, 1, 'THB', '48', '49.50', '15.08.2019', '2019-08-15'),
(1158, 2, 'USD', '1510', '1513', '15th August 2019\r\n (  11:34 AM )', '2019-08-15'),
(1159, 2, 'EURO', '1675', '1685', '15th August 2019\r\n (  11:34 AM )', '2019-08-15'),
(1160, 2, 'SGD', '1080', '1090', '15th August 2019\r\n (  11:34 AM )', '2019-08-15'),
(1161, 3, 'USD', '1508', '1512', '                          Updated on 15/08/2019 - 10:31 AM                      ', '2019-08-15'),
(1162, 3, 'EUR', '1674', '1684', '                          Updated on 15/08/2019 - 10:31 AM                      ', '2019-08-15'),
(1163, 3, 'SGD', '1080', '1090', '                          Updated on 15/08/2019 - 10:31 AM                      ', '2019-08-15'),
(1164, 3, 'THB', '48.9', '49.2', '                          Updated on 15/08/2019 - 10:31 AM                      ', '2019-08-15'),
(1165, 3, 'MYR', '357', '363', '                          Updated on 15/08/2019 - 10:31 AM                      ', '2019-08-15'),
(1166, 4, 'USD', '1509', '1512', '15.08.2019', '2019-08-15'),
(1167, 4, 'SGD', '1086', '1090', '15.08.2019', '2019-08-15'),
(1168, 4, 'EUR', '1671', '1683', '15.08.2019', '2019-08-15'),
(1169, 4, 'THB', '49.00', '49.25', '15.08.2019', '2019-08-15'),
(1170, 5, 'USD', '1509', '1514', 'Updated: 15. 08. 2019', '2019-08-15'),
(1171, 5, 'EURO', '1672', '1687', 'Updated: 15. 08. 2019', '2019-08-15'),
(1172, 5, 'SGD', '1085', '1090', 'Updated: 15. 08. 2019', '2019-08-15'),
(1173, 5, 'THB', '48', '50', 'Updated: 15. 08. 2019', '2019-08-15'),
(1174, 6, 'USD', '1504', '1509', '', '2019-08-15'),
(1175, 6, 'EUR', '1681', '1696', '', '2019-08-15'),
(1176, 6, 'SGD', '1100', '1109', '', '2019-08-15'),
(1223, 1, 'USD', '1503', '1514', '16.08.2019', '2019-08-16'),
(1224, 1, 'EUR', '1665', '1680', '16.08.2019', '2019-08-16'),
(1225, 1, 'SGD', '1080', '1090', '16.08.2019', '2019-08-16'),
(1226, 1, 'THB', '48', '49.50', '16.08.2019', '2019-08-16'),
(1227, 2, 'USD', '1516', '1520', '16th August 2019\r\n (  2:07 PM )', '2019-08-16'),
(1228, 2, 'EURO', '1673', '1683', '16th August 2019\r\n (  2:07 PM )', '2019-08-16'),
(1229, 2, 'SGD', '1082', '1090', '16th August 2019\r\n (  2:07 PM )', '2019-08-16'),
(1230, 3, 'USD', '1514', '1518', '                          Updated on 16/08/2019 - 1:26 PM                      ', '2019-08-16'),
(1231, 3, 'EUR', '1672', '1682', '                          Updated on 16/08/2019 - 1:26 PM                      ', '2019-08-16'),
(1232, 3, 'SGD', '1079', '1089', '                          Updated on 16/08/2019 - 1:26 PM                      ', '2019-08-16'),
(1233, 3, 'THB', '49', '49.2', '                          Updated on 16/08/2019 - 1:26 PM                      ', '2019-08-16'),
(1234, 3, 'MYR', '356', '362', '                          Updated on 16/08/2019 - 1:26 PM                      ', '2019-08-16'),
(1235, 4, 'USD', '1516', '1520', '15.08.2019', '2019-08-16'),
(1236, 4, 'SGD', '1089', '1093', '15.08.2019', '2019-08-16'),
(1237, 4, 'EUR', '1672', '1683', '15.08.2019', '2019-08-16'),
(1238, 4, 'THB', '49.10', '49.40', '15.08.2019', '2019-08-16'),
(1239, 5, 'USD', '1514', '1519', 'Updated: 16. 08. 2019', '2019-08-16'),
(1240, 5, 'EURO', '1675', '1685', 'Updated: 16. 08. 2019', '2019-08-16'),
(1241, 5, 'SGD', '1089', '1094', 'Updated: 16. 08. 2019', '2019-08-16'),
(1242, 5, 'THB', '48', '50', 'Updated: 16. 08. 2019', '2019-08-16'),
(1243, 6, 'USD', '1504', '1509', '', '2019-08-16'),
(1244, 6, 'EUR', '1681', '1696', '', '2019-08-16'),
(1245, 6, 'SGD', '1100', '1109', '', '2019-08-16'),
(1246, 1, 'USD', '1503', '1515', '17.08.2019', '2019-08-17'),
(1247, 1, 'EUR', '1665', '1680', '17.08.2019', '2019-08-17'),
(1248, 1, 'SGD', '1080', '1090', '17.08.2019', '2019-08-17'),
(1249, 1, 'THB', '48', '49.50', '17.08.2019', '2019-08-17'),
(1250, 2, 'USD', '1516', '1520', '16th August 2019\r\n (  2:07 PM )', '2019-08-17'),
(1251, 2, 'EURO', '1673', '1683', '16th August 2019\r\n (  2:07 PM )', '2019-08-17'),
(1252, 2, 'SGD', '1082', '1090', '16th August 2019\r\n (  2:07 PM )', '2019-08-17'),
(1253, 3, 'USD', '1514', '1518', '                          Updated on 16/08/2019 - 1:26 PM                      ', '2019-08-17'),
(1254, 3, 'EUR', '1672', '1682', '                          Updated on 16/08/2019 - 1:26 PM                      ', '2019-08-17'),
(1255, 3, 'SGD', '1079', '1089', '                          Updated on 16/08/2019 - 1:26 PM                      ', '2019-08-17'),
(1256, 3, 'THB', '49', '49.2', '                          Updated on 16/08/2019 - 1:26 PM                      ', '2019-08-17'),
(1257, 3, 'MYR', '356', '362', '                          Updated on 16/08/2019 - 1:26 PM                      ', '2019-08-17'),
(1258, 4, 'USD', '1516', '1520', '15.08.2019', '2019-08-17'),
(1259, 4, 'SGD', '1089', '1093', '15.08.2019', '2019-08-17'),
(1260, 4, 'EUR', '1672', '1683', '15.08.2019', '2019-08-17'),
(1261, 4, 'THB', '49.10', '49.40', '15.08.2019', '2019-08-17'),
(1262, 5, 'USD', '1514', '1519', 'Updated: 17. 08. 2019', '2019-08-17'),
(1263, 5, 'EURO', '1675', '1685', 'Updated: 17. 08. 2019', '2019-08-17'),
(1264, 5, 'SGD', '1089', '1094', 'Updated: 17. 08. 2019', '2019-08-17'),
(1265, 5, 'THB', '48', '50', 'Updated: 17. 08. 2019', '2019-08-17'),
(1266, 6, 'USD', '1504', '1509', '', '2019-08-17'),
(1267, 6, 'EUR', '1681', '1696', '', '2019-08-17'),
(1268, 6, 'SGD', '1100', '1109', '', '2019-08-17'),
(1269, 1, 'USD', '1503', '1515', '18.08.2019', '2019-08-18'),
(1270, 1, 'EUR', '1665', '1680', '18.08.2019', '2019-08-18'),
(1271, 1, 'SGD', '1080', '1090', '18.08.2019', '2019-08-18'),
(1272, 1, 'THB', '48', '49.50', '18.08.2019', '2019-08-18'),
(1273, 2, 'USD', '1516', '1520', '16th August 2019\r\n (  2:07 PM )', '2019-08-18'),
(1274, 2, 'EURO', '1673', '1683', '16th August 2019\r\n (  2:07 PM )', '2019-08-18'),
(1275, 2, 'SGD', '1082', '1090', '16th August 2019\r\n (  2:07 PM )', '2019-08-18'),
(1276, 3, 'USD', '1514', '1518', '                          Updated on 16/08/2019 - 1:26 PM                      ', '2019-08-18'),
(1277, 3, 'EUR', '1672', '1682', '                          Updated on 16/08/2019 - 1:26 PM                      ', '2019-08-18'),
(1278, 3, 'SGD', '1079', '1089', '                          Updated on 16/08/2019 - 1:26 PM                      ', '2019-08-18'),
(1279, 3, 'THB', '49', '49.2', '                          Updated on 16/08/2019 - 1:26 PM                      ', '2019-08-18'),
(1280, 3, 'MYR', '356', '362', '                          Updated on 16/08/2019 - 1:26 PM                      ', '2019-08-18'),
(1281, 4, 'USD', '1516', '1520', '15.08.2019', '2019-08-18'),
(1282, 4, 'SGD', '1089', '1093', '15.08.2019', '2019-08-18'),
(1283, 4, 'EUR', '1672', '1683', '15.08.2019', '2019-08-18'),
(1284, 4, 'THB', '49.10', '49.40', '15.08.2019', '2019-08-18'),
(1285, 5, 'USD', '1514', '1519', 'Updated: 18. 08. 2019', '2019-08-18'),
(1286, 5, 'EURO', '1675', '1685', 'Updated: 18. 08. 2019', '2019-08-18'),
(1287, 5, 'SGD', '1089', '1094', 'Updated: 18. 08. 2019', '2019-08-18'),
(1288, 5, 'THB', '48', '50', 'Updated: 18. 08. 2019', '2019-08-18'),
(1289, 6, 'USD', '1504', '1509', '', '2019-08-18'),
(1290, 6, 'EUR', '1681', '1696', '', '2019-08-18'),
(1291, 6, 'SGD', '1100', '1109', '', '2019-08-18'),
(1315, 1, 'USD', '1510', '1520', '19.08.2019', '2019-08-19'),
(1316, 1, 'EUR', '1670', '1685', '19.08.2019', '2019-08-19'),
(1317, 1, 'SGD', '1085', '1093', '19.08.2019', '2019-08-19'),
(1318, 1, 'THB', '48', '49.50', '19.08.2019', '2019-08-19'),
(1319, 2, 'USD', '1516', '1522', '19th August 2019\r\n (  10:21 AM )', '2019-08-19'),
(1320, 2, 'EURO', '1675', '1685', '19th August 2019\r\n (  10:21 AM )', '2019-08-19'),
(1321, 2, 'SGD', '1085', '1094', '19th August 2019\r\n (  10:21 AM )', '2019-08-19'),
(1322, 3, 'USD', '1518', '1523', '                          Updated on 19/08/2019 - 12:29 PM                      ', '2019-08-19'),
(1323, 3, 'EUR', '1670', '1680', '                          Updated on 19/08/2019 - 12:29 PM                      ', '2019-08-19'),
(1324, 3, 'SGD', '1081', '1091', '                          Updated on 19/08/2019 - 12:29 PM                      ', '2019-08-19'),
(1325, 3, 'THB', '48.8', '49.3', '                          Updated on 19/08/2019 - 12:29 PM                      ', '2019-08-19'),
(1326, 3, 'MYR', '357', '363', '                          Updated on 19/08/2019 - 12:29 PM                      ', '2019-08-19'),
(1327, 4, 'USD', '1518', '1522', '19.08.2019', '2019-08-19'),
(1328, 4, 'SGD', '1090', '1095', '19.08.2019', '2019-08-19'),
(1329, 4, 'EUR', '1675', '1684', '19.08.2019', '2019-08-19'),
(1330, 4, 'THB', '49.15', '49.45', '19.08.2019', '2019-08-19'),
(1331, 5, 'USD', '1519', '1524', 'Updated: 19. 08. 2019', '2019-08-19'),
(1332, 5, 'EURO', '1675', '1685', 'Updated: 19. 08. 2019', '2019-08-19'),
(1333, 5, 'SGD', '1092', '1097', 'Updated: 19. 08. 2019', '2019-08-19'),
(1334, 5, 'THB', '48', '50', 'Updated: 19. 08. 2019', '2019-08-19'),
(1335, 6, 'USD', '1504', '1509', '', '2019-08-19'),
(1336, 6, 'EUR', '1681', '1696', '', '2019-08-19'),
(1337, 6, 'SGD', '1100', '1109', '', '2019-08-19'),
(1338, 1, 'USD', '1512', '1522', '20-08-2019(12:00PM)', '2019-08-20'),
(1339, 1, 'EUR', '1670', '1685', '20-08-2019(12:00PM)', '2019-08-20'),
(1340, 1, 'SGD', '1085', '1095', '20-08-2019(12:00PM)', '2019-08-20'),
(1341, 1, 'THB', '48', '49.5', '20-08-2019(12:00PM)', '2019-08-20'),
(1342, 2, 'USD', '1519', '1525', '20th August 2019\r\n ( 10:51 AM )', '2019-08-20'),
(1343, 2, 'EURO', '1677', '1687', '20th August 2019\r\n ( 10:51 AM )', '2019-08-20'),
(1344, 2, 'SGD', '1085', '1095', '20th August 2019\r\n ( 10:51 AM )', '2019-08-20'),
(1345, 3, 'USD', '1516', '1523', '                          Updated on 20/08/2019 - 11:42 AM                      ', '2019-08-20'),
(1346, 3, 'EUR', '1672', '1682', '                          Updated on 20/08/2019 - 11:42 AM                      ', '2019-08-20'),
(1347, 3, 'SGD', '1081', '1091', '                          Updated on 20/08/2019 - 11:42 AM                      ', '2019-08-20'),
(1348, 3, 'THB', '48.9', '49.4', '                          Updated on 20/08/2019 - 11:42 AM                      ', '2019-08-20'),
(1349, 3, 'MYR', '357', '363', '                          Updated on 20/08/2019 - 11:42 AM                      ', '2019-08-20'),
(1350, 4, 'USD', '1520', '1524', '20.08.2019', '2019-08-20'),
(1351, 4, 'SGD', '1090', '1094', '20.08.2019', '2019-08-20'),
(1352, 4, 'EUR', '1677', '1685', '20.08.2019', '2019-08-20'),
(1353, 4, 'THB', '49.25', '49.50', '20.08.2019', '2019-08-20'),
(1354, 5, 'USD', '1519', '1524', 'Updated: 20. 08. 2019', '2019-08-20'),
(1355, 5, 'EURO', '1680', '1690', 'Updated: 20. 08. 2019', '2019-08-20'),
(1356, 5, 'SGD', '1092', '1097', 'Updated: 20. 08. 2019', '2019-08-20'),
(1357, 5, 'THB', '49', '51', 'Updated: 20. 08. 2019', '2019-08-20'),
(1358, 6, 'USD', '1504', '1509', '', '2019-08-20'),
(1359, 6, 'EUR', '1681', '1696', '', '2019-08-20'),
(1360, 6, 'SGD', '1100', '1109', '', '2019-08-20'),
(1407, 1, 'USD', '1512', '1522', '21-08-2019(12:00PM)', '2019-08-21'),
(1408, 1, 'EUR', '1670', '1685', '21-08-2019(12:00PM)', '2019-08-21'),
(1409, 1, 'SGD', '1085', '1095', '21-08-2019(12:00PM)', '2019-08-21'),
(1410, 1, 'THB', '48', '49.5', '21-08-2019(12:00PM)', '2019-08-21'),
(1411, 2, 'USD', '1516', '1521', '21st August 2019\r\n ( 1:46 PM )', '2019-08-21'),
(1412, 2, 'EURO', '1673', '1682', '21st August 2019\r\n ( 1:46 PM )', '2019-08-21'),
(1413, 2, 'SGD', '1086', '1095', '21st August 2019\r\n ( 1:46 PM )', '2019-08-21'),
(1414, 3, 'USD', '1514', '1521', '                          Updated on 21/08/2019 - 12:10 PM                      ', '2019-08-21'),
(1415, 3, 'EUR', '1672', '1682', '                          Updated on 21/08/2019 - 12:10 PM                      ', '2019-08-21'),
(1416, 3, 'SGD', '1083', '1093', '                          Updated on 21/08/2019 - 12:10 PM                      ', '2019-08-21'),
(1417, 3, 'THB', '49', '49.5', '                          Updated on 21/08/2019 - 12:10 PM                      ', '2019-08-21'),
(1418, 3, 'MYR', '357', '363', '                          Updated on 21/08/2019 - 12:10 PM                      ', '2019-08-21'),
(1419, 4, 'USD', '1520', '1524', '21.08.2019', '2019-08-21'),
(1420, 4, 'SGD', '1090', '1095', '21.08.2019', '2019-08-21'),
(1421, 4, 'EUR', '1677', '1685', '21.08.2019', '2019-08-21'),
(1422, 4, 'THB', '49.30', '49.60', '21.08.2019', '2019-08-21'),
(1423, 5, 'USD', '1517', '1522', 'Updated: 21. 08. 2019', '2019-08-21'),
(1424, 5, 'EURO', '1678', '1688', 'Updated: 21. 08. 2019', '2019-08-21'),
(1425, 5, 'SGD', '1091', '1096', 'Updated: 21. 08. 2019', '2019-08-21'),
(1426, 5, 'THB', '49', '51', 'Updated: 21. 08. 2019', '2019-08-21'),
(1427, 6, 'USD', '1504', '1509', '', '2019-08-21'),
(1428, 6, 'EUR', '1681', '1696', '', '2019-08-21'),
(1429, 6, 'SGD', '1100', '1109', '', '2019-08-21'),
(1476, 1, 'USD', '1508', '1515', '22-08-2019(12:00PM)', '2019-08-22'),
(1477, 1, 'EUR', '1670', '1680', '22-08-2019(12:00PM)', '2019-08-22'),
(1478, 1, 'SGD', '1085', '1095', '22-08-2019(12:00PM)', '2019-08-22'),
(1479, 1, 'THB', '48', '49.5', '22-08-2019(12:00PM)', '2019-08-22'),
(1480, 2, 'USD', '1515', '1521', '22nd August 2019\r\n ( 12:53 PM )', '2019-08-22'),
(1481, 2, 'EURO', '1674', '1685', '22nd August 2019\r\n ( 12:53 PM )', '2019-08-22'),
(1482, 2, 'SGD', '1085', '1095', '22nd August 2019\r\n ( 12:53 PM )', '2019-08-22'),
(1483, 3, 'USD', '1513', '1520', '                          Updated on 22/08/2019 - 10:29 AM                      ', '2019-08-22'),
(1484, 3, 'EUR', '1672', '1682', '                          Updated on 22/08/2019 - 10:29 AM                      ', '2019-08-22'),
(1485, 3, 'SGD', '1083', '1093', '                          Updated on 22/08/2019 - 10:29 AM                      ', '2019-08-22'),
(1486, 3, 'THB', '48.9', '49.5', '                          Updated on 22/08/2019 - 10:29 AM                      ', '2019-08-22'),
(1487, 3, 'MYR', '357', '363', '                          Updated on 22/08/2019 - 10:29 AM                      ', '2019-08-22'),
(1488, 4, 'USD', '1516', '1520', '22.08.2019', '2019-08-22'),
(1489, 4, 'SGD', '1090', '1095', '22.08.2019', '2019-08-22'),
(1490, 4, 'EUR', '1677', '1684', '22.08.2019', '2019-08-22'),
(1491, 4, 'THB', '49.30', '49.60', '22.08.2019', '2019-08-22'),
(1492, 5, 'USD', '1516', '1521', 'Updated: 22. 08. 2019', '2019-08-22'),
(1493, 5, 'EURO', '1677', '1687', 'Updated: 22. 08. 2019', '2019-08-22'),
(1494, 5, 'SGD', '1090', '1095', 'Updated: 22. 08. 2019', '2019-08-22'),
(1495, 5, 'THB', '49', '51', 'Updated: 22. 08. 2019', '2019-08-22'),
(1496, 6, 'USD', '1504', '1509', '', '2019-08-22'),
(1497, 6, 'EUR', '1681', '1696', '', '2019-08-22'),
(1498, 6, 'SGD', '1100', '1109', '', '2019-08-22'),
(1499, 1, 'USD', '1508', '1518', '23-08-2019', '2019-08-23'),
(1500, 1, 'EUR', '1670', '1680', '23-08-2019', '2019-08-23'),
(1501, 1, 'SGD', '1085', '1095', '23-08-2019', '2019-08-23'),
(1502, 1, 'THB', '48', '49.5', '23-08-2019', '2019-08-23'),
(1503, 2, 'USD', '1511', '1517', '23rd August 2019\r\n ( 12:50 PM )', '2019-08-23'),
(1504, 2, 'EURO', '1673', '1683', '23rd August 2019\r\n ( 12:50 PM )', '2019-08-23'),
(1505, 2, 'SGD', '1085', '1095', '23rd August 2019\r\n ( 12:50 PM )', '2019-08-23'),
(1506, 3, 'USD', '1509', '1516', '                          Updated on 23/08/2019 - 12:14 PM                      ', '2019-08-23'),
(1507, 3, 'EUR', '1664', '1679', '                          Updated on 23/08/2019 - 12:14 PM                      ', '2019-08-23'),
(1508, 3, 'SGD', '1083', '1093', '                          Updated on 23/08/2019 - 12:14 PM                      ', '2019-08-23'),
(1509, 3, 'THB', '48.9', '49.5', '                          Updated on 23/08/2019 - 12:14 PM                      ', '2019-08-23'),
(1510, 3, 'MYR', '353', '362', '                          Updated on 23/08/2019 - 12:14 PM                      ', '2019-08-23'),
(1511, 4, 'USD', '1514', '1517', '23.08.2019', '2019-08-23'),
(1512, 4, 'SGD', '1090', '1095', '23.08.2019', '2019-08-23'),
(1513, 4, 'EUR', '1675', '1682', '23.08.2019', '2019-08-23'),
(1514, 4, 'THB', '49.30', '49.50', '23.08.2019', '2019-08-23'),
(1515, 5, 'USD', '1513', '1518', 'Updated: 23. 08. 2019', '2019-08-23'),
(1516, 5, 'EURO', '1675', '1685', 'Updated: 23. 08. 2019', '2019-08-23'),
(1517, 5, 'SGD', '1090', '1095', 'Updated: 23. 08. 2019', '2019-08-23'),
(1518, 5, 'THB', '49', '51', 'Updated: 23. 08. 2019', '2019-08-23'),
(1519, 6, 'USD', '1504', '1509', '', '2019-08-23'),
(1520, 6, 'EUR', '1681', '1696', '', '2019-08-23'),
(1521, 6, 'SGD', '1100', '1109', '', '2019-08-23'),
(1522, 1, 'USD', '1508', '1518', '23-08-2019', '2019-08-24'),
(1523, 1, 'EUR', '1670', '1680', '23-08-2019', '2019-08-24'),
(1524, 1, 'SGD', '1085', '1095', '23-08-2019', '2019-08-24'),
(1525, 1, 'THB', '48', '49.5', '23-08-2019', '2019-08-24'),
(1526, 2, 'USD', '1511', '1517', '23rd August 2019\r\n ( 12:50 PM )', '2019-08-24'),
(1527, 2, 'EURO', '1673', '1683', '23rd August 2019\r\n ( 12:50 PM )', '2019-08-24'),
(1528, 2, 'SGD', '1085', '1095', '23rd August 2019\r\n ( 12:50 PM )', '2019-08-24'),
(1529, 3, 'USD', '1509', '1516', '                          Updated on 23/08/2019 - 12:14 PM                      ', '2019-08-24'),
(1530, 3, 'EUR', '1664', '1679', '                          Updated on 23/08/2019 - 12:14 PM                      ', '2019-08-24'),
(1531, 3, 'SGD', '1083', '1093', '                          Updated on 23/08/2019 - 12:14 PM                      ', '2019-08-24'),
(1532, 3, 'THB', '48.9', '49.5', '                          Updated on 23/08/2019 - 12:14 PM                      ', '2019-08-24'),
(1533, 3, 'MYR', '353', '362', '                          Updated on 23/08/2019 - 12:14 PM                      ', '2019-08-24'),
(1534, 4, 'USD', '1514', '1517', '23.08.2019', '2019-08-24'),
(1535, 4, 'SGD', '1090', '1095', '23.08.2019', '2019-08-24'),
(1536, 4, 'EUR', '1675', '1682', '23.08.2019', '2019-08-24'),
(1537, 4, 'THB', '49.30', '49.50', '23.08.2019', '2019-08-24'),
(1538, 5, 'USD', '1515', '1520', 'Updated: 24. 08. 2019', '2019-08-24'),
(1539, 5, 'EURO', '1675', '1685', 'Updated: 24. 08. 2019', '2019-08-24'),
(1540, 5, 'SGD', '1090', '1095', 'Updated: 24. 08. 2019', '2019-08-24'),
(1541, 5, 'THB', '49', '51', 'Updated: 24. 08. 2019', '2019-08-24'),
(1542, 6, 'USD', '1504', '1509', '', '2019-08-24'),
(1543, 6, 'EUR', '1681', '1696', '', '2019-08-24'),
(1544, 6, 'SGD', '1100', '1109', '', '2019-08-24'),
(1545, 1, 'USD', '1508', '1518', '23-08-2019', '2019-08-25'),
(1546, 1, 'EUR', '1670', '1680', '23-08-2019', '2019-08-25'),
(1547, 1, 'SGD', '1085', '1095', '23-08-2019', '2019-08-25'),
(1548, 1, 'THB', '48', '49.5', '23-08-2019', '2019-08-25'),
(1549, 2, 'USD', '1511', '1517', '23rd August 2019\r\n ( 12:50 PM )', '2019-08-25'),
(1550, 2, 'EURO', '1673', '1683', '23rd August 2019\r\n ( 12:50 PM )', '2019-08-25'),
(1551, 2, 'SGD', '1085', '1095', '23rd August 2019\r\n ( 12:50 PM )', '2019-08-25'),
(1552, 3, 'USD', '1509', '1516', '                          Updated on 23/08/2019 - 12:14 PM                      ', '2019-08-25'),
(1553, 3, 'EUR', '1664', '1679', '                          Updated on 23/08/2019 - 12:14 PM                      ', '2019-08-25'),
(1554, 3, 'SGD', '1083', '1093', '                          Updated on 23/08/2019 - 12:14 PM                      ', '2019-08-25'),
(1555, 3, 'THB', '48.9', '49.5', '                          Updated on 23/08/2019 - 12:14 PM                      ', '2019-08-25'),
(1556, 3, 'MYR', '353', '362', '                          Updated on 23/08/2019 - 12:14 PM                      ', '2019-08-25'),
(1557, 4, 'USD', '1514', '1517', '23.08.2019', '2019-08-25'),
(1558, 4, 'SGD', '1090', '1095', '23.08.2019', '2019-08-25'),
(1559, 4, 'EUR', '1675', '1682', '23.08.2019', '2019-08-25'),
(1560, 4, 'THB', '49.30', '49.50', '23.08.2019', '2019-08-25'),
(1561, 5, 'USD', '1515', '1520', 'Updated: 26. 08. 2019', '2019-08-25'),
(1562, 5, 'EURO', '1675', '1685', 'Updated: 26. 08. 2019', '2019-08-25'),
(1563, 5, 'SGD', '1090', '1095', 'Updated: 26. 08. 2019', '2019-08-25'),
(1564, 5, 'THB', '49', '51', 'Updated: 26. 08. 2019', '2019-08-25'),
(1565, 6, 'USD', '1504', '1509', '', '2019-08-25'),
(1566, 6, 'EUR', '1681', '1696', '', '2019-08-25'),
(1567, 6, 'SGD', '1100', '1109', '', '2019-08-25'),
(1568, 1, 'USD', '1505', '1512', '26-08-2019', '2019-08-26'),
(1569, 1, 'EUR', '1670', '1680', '26-08-2019', '2019-08-26'),
(1570, 1, 'SGD', '1085', '1095', '26-08-2019', '2019-08-26'),
(1571, 1, 'THB', '48', '49.5', '26-08-2019', '2019-08-26'),
(1572, 2, 'USD', '1508', '1514', '26th August 2019\r\n ( 10:39 AM )', '2019-08-26'),
(1573, 2, 'EURO', '1673', '1681', '26th August 2019\r\n ( 10:39 AM )', '2019-08-26'),
(1574, 2, 'SGD', '1085', '1093', '26th August 2019\r\n ( 10:39 AM )', '2019-08-26'),
(1575, 3, 'USD', '1504', '1512', '                          Updated on 26/08/2019 - 11:55 AM                      ', '2019-08-26'),
(1576, 3, 'EUR', '1664', '1679', '                          Updated on 26/08/2019 - 11:55 AM                      ', '2019-08-26'),
(1577, 3, 'SGD', '1083', '1093', '                          Updated on 26/08/2019 - 11:55 AM                      ', '2019-08-26'),
(1578, 3, 'THB', '48.8', '49.4', '                          Updated on 26/08/2019 - 11:55 AM                      ', '2019-08-26'),
(1579, 3, 'MYR', '352', '362', '                          Updated on 26/08/2019 - 11:55 AM                      ', '2019-08-26'),
(1580, 4, 'USD', '1510', '1514', '26.08.2019', '2019-08-26'),
(1581, 4, 'SGD', '1088', '1092', '26.08.2019', '2019-08-26'),
(1582, 4, 'EUR', '1675', '1682', '26.08.2019', '2019-08-26'),
(1583, 4, 'THB', '49.20', '49.45', '26.08.2019', '2019-08-26'),
(1584, 5, 'USD', '1509', '1514', 'Updated: 26. 08. 2019', '2019-08-26'),
(1585, 5, 'EURO', '1673', '1683', 'Updated: 26. 08. 2019', '2019-08-26'),
(1586, 5, 'SGD', '1088', '1093', 'Updated: 26. 08. 2019', '2019-08-26'),
(1587, 5, 'THB', '49', '51', 'Updated: 26. 08. 2019', '2019-08-26'),
(1588, 6, 'USD', '1504', '1509', '', '2019-08-26'),
(1589, 6, 'EUR', '1681', '1696', '', '2019-08-26'),
(1590, 6, 'SGD', '1100', '1109', '', '2019-08-26'),
(1591, 1, 'USD', '1505', '1512', '27/08/2019', '2019-08-27'),
(1592, 1, 'EUR', '1670', '1680', '27/08/2019', '2019-08-27'),
(1593, 1, 'SGD', '1085', '1095', '27/08/2019', '2019-08-27'),
(1594, 1, 'THB', '48', '49.5', '27/08/2019', '2019-08-27'),
(1595, 2, 'USD', '1509', '1514', '27th August 2019\r\n ( 10:46 AM )', '2019-08-27'),
(1596, 2, 'EURO', '1670', '1683', '27th August 2019\r\n ( 10:46 AM )', '2019-08-27'),
(1597, 2, 'SGD', '1083', '1093', '27th August 2019\r\n ( 10:46 AM )', '2019-08-27'),
(1598, 3, 'USD', '1506', '1514', '                          Updated on 27/08/2019 - 10:05 AM                      ', '2019-08-27'),
(1599, 3, 'EUR', '1665', '1680', '                          Updated on 27/08/2019 - 10:05 AM                      ', '2019-08-27'),
(1600, 3, 'SGD', '1082', '1092', '                          Updated on 27/08/2019 - 10:05 AM                      ', '2019-08-27'),
(1601, 3, 'THB', '48.8', '49.4', '                          Updated on 27/08/2019 - 10:05 AM                      ', '2019-08-27'),
(1602, 3, 'MYR', '352', '362', '                          Updated on 27/08/2019 - 10:05 AM                      ', '2019-08-27'),
(1603, 4, 'USD', '1510', '1513', '27.08.2019', '2019-08-27'),
(1604, 4, 'SGD', '1088', '1092', '27.08.2019', '2019-08-27'),
(1605, 4, 'EUR', '1670', '1680', '27.08.2019', '2019-08-27'),
(1606, 4, 'THB', '49.20', '49.45', '27.08.2019', '2019-08-27'),
(1607, 5, 'USD', '1511', '1516', 'Updated: 27. 08. 2019', '2019-08-27'),
(1608, 5, 'EURO', '1675', '1685', 'Updated: 27. 08. 2019', '2019-08-27'),
(1609, 5, 'SGD', '1089', '1094', 'Updated: 27. 08. 2019', '2019-08-27'),
(1610, 5, 'THB', '49', '51', 'Updated: 27. 08. 2019', '2019-08-27'),
(1611, 6, 'USD', '1504', '1509', '', '2019-08-27'),
(1612, 6, 'EUR', '1681', '1696', '', '2019-08-27'),
(1613, 6, 'SGD', '1100', '1109', '', '2019-08-27'),
(1614, 1, 'USD', '1503', '1513', '28/08/2019', '2019-08-28'),
(1615, 1, 'EUR', '1670', '1680', '28/08/2019', '2019-08-28'),
(1616, 1, 'SGD', '1080', '1090', '28/08/2019', '2019-08-28'),
(1617, 1, 'THB', '48', '49.5', '28/08/2019', '2019-08-28'),
(1618, 2, 'USD', '1514', '1518', '28th August 2019\r\n ( 11:24 AM )', '2019-08-28'),
(1619, 2, 'EURO', '1669', '1682', '28th August 2019\r\n ( 11:24 AM )', '2019-08-28'),
(1620, 2, 'SGD', '1084', '1094', '28th August 2019\r\n ( 11:24 AM )', '2019-08-28'),
(1621, 3, 'USD', '1509', '1517', '                          Updated on 28/08/2019 - 10:10 AM                      ', '2019-08-28'),
(1622, 3, 'EUR', '1664', '1680', '                          Updated on 28/08/2019 - 10:10 AM                      ', '2019-08-28'),
(1623, 3, 'SGD', '1081', '1091', '                          Updated on 28/08/2019 - 10:10 AM                      ', '2019-08-28'),
(1624, 3, 'THB', '48.7', '49.4', '                          Updated on 28/08/2019 - 10:10 AM                      ', '2019-08-28'),
(1625, 3, 'MYR', '351', '361', '                          Updated on 28/08/2019 - 10:10 AM                      ', '2019-08-28'),
(1626, 4, 'USD', '1513', '1516', '28.08.2019', '2019-08-28'),
(1627, 4, 'SGD', '1089', '1093', '28.08.2019', '2019-08-28'),
(1628, 4, 'EUR', '1673', '1680', '28.08.2019', '2019-08-28'),
(1629, 4, 'THB', '49.30', '49.55', '28.08.2019', '2019-08-28'),
(1630, 5, 'USD', '1514', '1519', 'Updated: 28. 08. 2019', '2019-08-28'),
(1631, 5, 'EURO', '1675', '1685', 'Updated: 28. 08. 2019', '2019-08-28'),
(1632, 5, 'SGD', '1089', '1094', 'Updated: 28. 08. 2019', '2019-08-28'),
(1633, 5, 'THB', '49', '51', 'Updated: 28. 08. 2019', '2019-08-28'),
(1634, 6, 'USD', '1504', '1509', '', '2019-08-28'),
(1635, 6, 'EUR', '1681', '1696', '', '2019-08-28'),
(1636, 6, 'SGD', '1100', '1109', '', '2019-08-28'),
(1683, 1, 'USD', '1507', '1517', '29/08/2019', '2019-08-29'),
(1684, 1, 'EUR', '1670', '1680', '29/08/2019', '2019-08-29'),
(1685, 1, 'SGD', '1082', '1092', '29/08/2019', '2019-08-29'),
(1686, 1, 'THB', '48', '49.5', '29/08/2019', '2019-08-29'),
(1687, 2, 'USD', '1518', '1522', '29th August 2019\r\n (  11:39 AM )', '2019-08-29'),
(1688, 2, 'EURO', '1670', '1683', '29th August 2019\r\n (  11:39 AM )', '2019-08-29'),
(1689, 2, 'SGD', '1083', '1093', '29th August 2019\r\n (  11:39 AM )', '2019-08-29'),
(1690, 3, 'USD', '1513', '1520', '                          Updated on 29/08/2019 - 11:32 AM                      ', '2019-08-29'),
(1691, 3, 'EUR', '1664', '1680', '                          Updated on 29/08/2019 - 11:32 AM                      ', '2019-08-29'),
(1692, 3, 'SGD', '1081', '1091', '                          Updated on 29/08/2019 - 11:32 AM                      ', '2019-08-29'),
(1693, 3, 'THB', '48.4', '49.4', '                          Updated on 29/08/2019 - 11:32 AM                      ', '2019-08-29'),
(1694, 3, 'MYR', '345', '360', '                          Updated on 29/08/2019 - 11:32 AM                      ', '2019-08-29'),
(1695, 4, 'USD', '1514', '1517', '29.08.2019', '2019-08-29'),
(1696, 4, 'SGD', '1088', '1092', '29.08.2019', '2019-08-29'),
(1697, 4, 'EUR', '1673', '1680', '29.08.2019', '2019-08-29'),
(1698, 4, 'THB', '49.30', '49.60', '29.08.2019', '2019-08-29'),
(1699, 5, 'USD', '1517', '1522', 'Updated: 29. 08. 2019', '2019-08-29'),
(1700, 5, 'EURO', '1675', '1685', 'Updated: 29. 08. 2019', '2019-08-29'),
(1701, 5, 'SGD', '1089', '1094', 'Updated: 29. 08. 2019', '2019-08-29'),
(1702, 5, 'THB', '49', '51', 'Updated: 29. 08. 2019', '2019-08-29'),
(1703, 6, 'USD', '1504', '1509', '', '2019-08-29'),
(1704, 6, 'EUR', '1681', '1696', '', '2019-08-29'),
(1705, 6, 'SGD', '1100', '1109', '', '2019-08-29'),
(1729, 1, 'USD', '1507', '1517', '30/08/2019', '2019-08-30'),
(1730, 1, 'EUR', '1670', '1680', '30/08/2019', '2019-08-30'),
(1731, 1, 'SGD', '1082', '1092', '30/08/2019', '2019-08-30'),
(1732, 1, 'THB', '48', '49.7', '30/08/2019', '2019-08-30'),
(1733, 2, 'USD', '1519', '1522', '30th August 2019\r\n ( 1:05 PM )', '2019-08-30'),
(1734, 2, 'EURO', '1665', '1680', '30th August 2019\r\n ( 1:05 PM )', '2019-08-30'),
(1735, 2, 'SGD', '1082', '1092', '30th August 2019\r\n ( 1:05 PM )', '2019-08-30'),
(1736, 3, 'USD', '1512', '1519', '                          Updated on 30/08/2019 - 12:44 PM                      ', '2019-08-30'),
(1737, 3, 'EUR', '1663', '1679', '                          Updated on 30/08/2019 - 12:44 PM                      ', '2019-08-30'),
(1738, 3, 'SGD', '1080', '1090', '                          Updated on 30/08/2019 - 12:44 PM                      ', '2019-08-30'),
(1739, 3, 'THB', '48.5', '49.5', '                          Updated on 30/08/2019 - 12:44 PM                      ', '2019-08-30'),
(1740, 3, 'MYR', '343', '360', '                          Updated on 30/08/2019 - 12:44 PM                      ', '2019-08-30'),
(1741, 4, 'USD', '1515', '1518', '30.08.2019', '2019-08-30'),
(1742, 4, 'SGD', '1088', '1092', '30.08.2019', '2019-08-30'),
(1743, 4, 'EUR', '1670', '1678', '30.08.2019', '2019-08-30'),
(1744, 4, 'THB', '49.35', '49.65', '30.08.2019', '2019-08-30'),
(1745, 5, 'USD', '1517', '1522', 'Updated: 30. 08. 2019', '2019-08-30'),
(1746, 5, 'EURO', '1672', '1682', 'Updated: 30. 08. 2019', '2019-08-30'),
(1747, 5, 'SGD', '1088', '1093', 'Updated: 30. 08. 2019', '2019-08-30'),
(1748, 5, 'THB', '49', '51', 'Updated: 30. 08. 2019', '2019-08-30'),
(1749, 6, 'USD', '1504', '1509', '', '2019-08-30'),
(1750, 6, 'EUR', '1681', '1696', '', '2019-08-30'),
(1751, 6, 'SGD', '1100', '1109', '', '2019-08-30'),
(1752, 1, 'USD', '1507', '1517', '30/08/2019', '2019-08-31'),
(1753, 1, 'EUR', '1670', '1680', '30/08/2019', '2019-08-31'),
(1754, 1, 'SGD', '1082', '1092', '30/08/2019', '2019-08-31'),
(1755, 1, 'THB', '48', '49.7', '30/08/2019', '2019-08-31'),
(1756, 2, 'USD', '1519', '1522', '30th August 2019\r\n ( 1:05 PM )', '2019-08-31'),
(1757, 2, 'EURO', '1665', '1680', '30th August 2019\r\n ( 1:05 PM )', '2019-08-31'),
(1758, 2, 'SGD', '1082', '1092', '30th August 2019\r\n ( 1:05 PM )', '2019-08-31'),
(1759, 3, 'USD', '1512', '1519', '                          Updated on 30/08/2019 - 12:44 PM                      ', '2019-08-31'),
(1760, 3, 'EUR', '1663', '1679', '                          Updated on 30/08/2019 - 12:44 PM                      ', '2019-08-31'),
(1761, 3, 'SGD', '1080', '1090', '                          Updated on 30/08/2019 - 12:44 PM                      ', '2019-08-31'),
(1762, 3, 'THB', '48.5', '49.5', '                          Updated on 30/08/2019 - 12:44 PM                      ', '2019-08-31'),
(1763, 3, 'MYR', '343', '360', '                          Updated on 30/08/2019 - 12:44 PM                      ', '2019-08-31'),
(1764, 4, 'USD', '1515', '1518', '30.08.2019', '2019-08-31'),
(1765, 4, 'SGD', '1088', '1092', '30.08.2019', '2019-08-31'),
(1766, 4, 'EUR', '1670', '1678', '30.08.2019', '2019-08-31'),
(1767, 4, 'THB', '49.35', '49.65', '30.08.2019', '2019-08-31'),
(1768, 5, 'USD', '1517', '1522', 'Updated: 31. 08. 2019', '2019-08-31'),
(1769, 5, 'EURO', '1672', '1682', 'Updated: 31. 08. 2019', '2019-08-31'),
(1770, 5, 'SGD', '1088', '1093', 'Updated: 31. 08. 2019', '2019-08-31'),
(1771, 5, 'THB', '49', '51', 'Updated: 31. 08. 2019', '2019-08-31'),
(1772, 6, 'USD', '1504', '1509', '', '2019-08-31'),
(1773, 6, 'EUR', '1681', '1696', '', '2019-08-31'),
(1774, 6, 'SGD', '1100', '1109', '', '2019-08-31'),
(1775, 1, 'USD', '1507', '1517', '30/08/2019', '2019-09-01'),
(1776, 1, 'EUR', '1670', '1680', '30/08/2019', '2019-09-01'),
(1777, 1, 'SGD', '1082', '1092', '30/08/2019', '2019-09-01'),
(1778, 1, 'THB', '48', '49.7', '30/08/2019', '2019-09-01'),
(1779, 2, 'USD', '1519', '1522', '30th August 2019\r\n ( 1:05 PM )', '2019-09-01'),
(1780, 2, 'EURO', '1665', '1680', '30th August 2019\r\n ( 1:05 PM )', '2019-09-01'),
(1781, 2, 'SGD', '1082', '1092', '30th August 2019\r\n ( 1:05 PM )', '2019-09-01'),
(1782, 3, 'USD', '1512', '1519', '                          Updated on 30/08/2019 - 12:44 PM                      ', '2019-09-01'),
(1783, 3, 'EUR', '1663', '1679', '                          Updated on 30/08/2019 - 12:44 PM                      ', '2019-09-01'),
(1784, 3, 'SGD', '1080', '1090', '                          Updated on 30/08/2019 - 12:44 PM                      ', '2019-09-01'),
(1785, 3, 'THB', '48.5', '49.5', '                          Updated on 30/08/2019 - 12:44 PM                      ', '2019-09-01'),
(1786, 3, 'MYR', '343', '360', '                          Updated on 30/08/2019 - 12:44 PM                      ', '2019-09-01'),
(1787, 4, 'USD', '1515', '1518', '30.08.2019', '2019-09-01'),
(1788, 4, 'SGD', '1088', '1092', '30.08.2019', '2019-09-01'),
(1789, 4, 'EUR', '1670', '1678', '30.08.2019', '2019-09-01'),
(1790, 4, 'THB', '49.35', '49.65', '30.08.2019', '2019-09-01'),
(1791, 5, 'USD', '1517', '1522', 'Updated: 01. 09. 2019', '2019-09-01'),
(1792, 5, 'EURO', '1672', '1682', 'Updated: 01. 09. 2019', '2019-09-01'),
(1793, 5, 'SGD', '1088', '1093', 'Updated: 01. 09. 2019', '2019-09-01'),
(1794, 5, 'THB', '49', '51', 'Updated: 01. 09. 2019', '2019-09-01'),
(1795, 6, 'USD', '1504', '1509', '', '2019-09-01'),
(1796, 6, 'EUR', '1681', '1696', '', '2019-09-01'),
(1797, 6, 'SGD', '1100', '1109', '', '2019-09-01'),
(1821, 1, 'USD', '1510', '1520', '02/09/2019', '2019-09-02'),
(1822, 1, 'EUR', '1665', '1675', '02/09/2019', '2019-09-02'),
(1823, 1, 'SGD', '1083', '1093', '02/09/2019', '2019-09-02'),
(1824, 1, 'THB', '48.5', '50', '02/09/2019', '2019-09-02'),
(1825, 2, 'USD', '1520', '1526', '2nd September 2019\r\n ( 2:53 PM )', '2019-09-02'),
(1826, 2, 'EURO', '1666', '1680', '2nd September 2019\r\n ( 2:53 PM )', '2019-09-02'),
(1827, 2, 'SGD', '1084', '1094', '2nd September 2019\r\n ( 2:53 PM )', '2019-09-02'),
(1828, 3, 'USD', '1517', '1524', '                          Updated on 02/09/2019 - 2:34 PM                      ', '2019-09-02'),
(1829, 3, 'EUR', '1662', '1678', '                          Updated on 02/09/2019 - 2:34 PM                      ', '2019-09-02'),
(1830, 3, 'SGD', '1082', '1090', '                          Updated on 02/09/2019 - 2:34 PM                      ', '2019-09-02'),
(1831, 3, 'THB', '48.5', '49.5', '                          Updated on 02/09/2019 - 2:34 PM                      ', '2019-09-02'),
(1832, 3, 'MYR', '343', '360', '                          Updated on 02/09/2019 - 2:34 PM                      ', '2019-09-02'),
(1833, 4, 'USD', '1517', '1521', '2.09.2019', '2019-09-02'),
(1834, 4, 'SGD', '1090', '1093', '2.09.2019', '2019-09-02'),
(1835, 4, 'EUR', '1668', '1675', '2.09.2019', '2019-09-02'),
(1836, 4, 'THB', '49.40', '49.70', '2.09.2019', '2019-09-02'),
(1837, 5, 'USD', '1521', '1526', 'Updated: 02. 09. 2019', '2019-09-02'),
(1838, 5, 'EURO', '1670', '1680', 'Updated: 02. 09. 2019', '2019-09-02'),
(1839, 5, 'SGD', '1089', '1094', 'Updated: 02. 09. 2019', '2019-09-02'),
(1840, 5, 'THB', '49', '51', 'Updated: 02. 09. 2019', '2019-09-02'),
(1841, 6, 'USD', '1504', '1509', '', '2019-09-02'),
(1842, 6, 'EUR', '1681', '1696', '', '2019-09-02'),
(1843, 6, 'SGD', '1100', '1109', '', '2019-09-02'),
(1913, 1, 'USD', '1515', '1525', '03/09/2019', '2019-09-03'),
(1914, 1, 'EUR', '1665', '1678', '03/09/2019', '2019-09-03'),
(1915, 1, 'SGD', '1083', '1093', '03/09/2019', '2019-09-03'),
(1916, 1, 'THB', '48.5', '50', '03/09/2019', '2019-09-03'),
(1917, 2, 'USD', '1529', '1535', '3rd September 2019\r\n ( 3:33 PM )', '2019-09-03'),
(1918, 2, 'EURO', '1665', '1680', '3rd September 2019\r\n ( 3:33 PM )', '2019-09-03');
INSERT INTO `exchange_daily_rate` (`id`, `bank_id`, `exchange_currency`, `exchange_buy`, `exchange_sell`, `bank_update_time`, `exchange_date`) VALUES
(1919, 2, 'SGD', '1084', '1094', '3rd September 2019\r\n ( 3:33 PM )', '2019-09-03'),
(1920, 3, 'USD', '1525', '1532', '                          Updated on 03/09/2019 - 12:09 PM                      ', '2019-09-03'),
(1921, 3, 'EUR', '1660', '1676', '                          Updated on 03/09/2019 - 12:09 PM                      ', '2019-09-03'),
(1922, 3, 'SGD', '1085', '1093', '                          Updated on 03/09/2019 - 12:09 PM                      ', '2019-09-03'),
(1923, 3, 'THB', '48.7', '49.7', '                          Updated on 03/09/2019 - 12:09 PM                      ', '2019-09-03'),
(1924, 3, 'MYR', '343', '360', '                          Updated on 03/09/2019 - 12:09 PM                      ', '2019-09-03'),
(1925, 4, 'USD', '1526', '1532', '03.09.2019', '2019-09-03'),
(1926, 4, 'SGD', '1091', '1094', '03.09.2019', '2019-09-03'),
(1927, 4, 'EUR', '1665', '1677', '03.09.2019', '2019-09-03'),
(1928, 4, 'THB', '49.50', '49.80', '03.09.2019', '2019-09-03'),
(1929, 5, 'USD', '1525', '1532', 'Updated: 03. 09. 2019', '2019-09-03'),
(1930, 5, 'EURO', '1665', '1680', 'Updated: 03. 09. 2019', '2019-09-03'),
(1931, 5, 'SGD', '1090', '1095', 'Updated: 03. 09. 2019', '2019-09-03'),
(1932, 5, 'THB', '49', '51', 'Updated: 03. 09. 2019', '2019-09-03'),
(1933, 6, 'USD', '1504', '1509', '', '2019-09-03'),
(1934, 6, 'EUR', '1681', '1696', '', '2019-09-03'),
(1935, 6, 'SGD', '1100', '1109', '', '2019-09-03'),
(1959, 1, 'USD', '1520', '1530', '04/09/2019', '2019-09-04'),
(1960, 1, 'EUR', '1665', '1675', '04/09/2019', '2019-09-04'),
(1961, 1, 'SGD', '1085', '1095', '04/09/2019', '2019-09-04'),
(1962, 1, 'THB', '48.5', '50', '04/09/2019', '2019-09-04'),
(1963, 2, 'USD', '1525', '1532', '4th September 2019\r\n ( 2:33 PM )', '2019-09-04'),
(1964, 2, 'EURO', '1663', '1678', '4th September 2019\r\n ( 2:33 PM )', '2019-09-04'),
(1965, 2, 'SGD', '1085', '1095', '4th September 2019\r\n ( 2:33 PM )', '2019-09-04'),
(1966, 3, 'USD', '1528', '1537', '                          Updated on 04/09/2019 - 4:24 PM                      ', '2019-09-04'),
(1967, 3, 'EUR', '1669', '1676', '                          Updated on 04/09/2019 - 4:24 PM                      ', '2019-09-04'),
(1968, 3, 'SGD', '1091', '1095', '                          Updated on 04/09/2019 - 4:24 PM                      ', '2019-09-04'),
(1969, 3, 'THB', '49.8', '50.2', '                          Updated on 04/09/2019 - 4:24 PM                      ', '2019-09-04'),
(1970, 3, 'MYR', '343', '360', '                          Updated on 04/09/2019 - 4:24 PM                      ', '2019-09-04'),
(1971, 4, 'USD', '1526', '1530', '04.09.2019', '2019-09-04'),
(1972, 4, 'SGD', '1093', '1096', '04.09.2019', '2019-09-04'),
(1973, 4, 'EUR', '1665', '1677', '04.09.2019', '2019-09-04'),
(1974, 4, 'THB', '49.60', '49.95', '04.09.2019', '2019-09-04'),
(1975, 5, 'USD', '1526', '1534', 'Updated: 04. 09. 2019', '2019-09-04'),
(1976, 5, 'EURO', '1665', '1680', 'Updated: 04. 09. 2019', '2019-09-04'),
(1977, 5, 'SGD', '1092', '1097', 'Updated: 04. 09. 2019', '2019-09-04'),
(1978, 5, 'THB', '49', '52', 'Updated: 04. 09. 2019', '2019-09-04'),
(1979, 6, 'USD', '1504', '1509', '', '2019-09-04'),
(1980, 6, 'EUR', '1681', '1696', '', '2019-09-04'),
(1981, 6, 'SGD', '1100', '1109', '', '2019-09-04'),
(2051, 1, 'USD', '1520', '1530', '05/09/2019', '2019-09-05'),
(2052, 1, 'EUR', '1660', '1675', '05/09/2019', '2019-09-05'),
(2053, 1, 'SGD', '1085', '1095', '05/09/2019', '2019-09-05'),
(2054, 1, 'THB', '48.5', '50', '05/09/2019', '2019-09-05'),
(2055, 2, 'USD', '1533', '1540', '5th September 2019\r\n (  12:02 PM )', '2019-09-05'),
(2056, 2, 'EURO', '1670', '1685', '5th September 2019\r\n (  12:02 PM )', '2019-09-05'),
(2057, 2, 'SGD', '1095', '1104', '5th September 2019\r\n (  12:02 PM )', '2019-09-05'),
(2058, 3, 'USD', '1534', '1542', '                          Updated on 05/09/2019 - 11:29 AM                      ', '2019-09-05'),
(2059, 3, 'EUR', '1677', '1685', '                          Updated on 05/09/2019 - 11:29 AM                      ', '2019-09-05'),
(2060, 3, 'SGD', '1102', '1107', '                          Updated on 05/09/2019 - 11:29 AM                      ', '2019-09-05'),
(2061, 3, 'THB', '49.8', '50.2', '                          Updated on 05/09/2019 - 11:29 AM                      ', '2019-09-05'),
(2062, 3, 'MYR', '354', '364', '                          Updated on 05/09/2019 - 11:29 AM                      ', '2019-09-05'),
(2063, 4, 'USD', '1531', '1536', '05.09.2019', '2019-09-05'),
(2064, 4, 'SGD', '1097', '1107', '05.09.2019', '2019-09-05'),
(2065, 4, 'EUR', '1675', '1685', '05.09.2019', '2019-09-05'),
(2066, 4, 'THB', '49.80', '50.20', '05.09.2019', '2019-09-05'),
(2067, 5, 'USD', '1534', '1544', 'Updated: 05. 09. 2019', '2019-09-05'),
(2068, 5, 'EURO', '1671', '1686', 'Updated: 05. 09. 2019', '2019-09-05'),
(2069, 5, 'SGD', '1096', '1106', 'Updated: 05. 09. 2019', '2019-09-05'),
(2070, 5, 'THB', '49', '52', 'Updated: 05. 09. 2019', '2019-09-05'),
(2071, 6, 'USD', '1525', '1532', '4/Sep/2019', '2019-09-05'),
(2072, 6, 'EUR', '1662', '1677', '4/Sep/2019', '2019-09-05'),
(2073, 6, 'SGD', '1085', '1095', '4/Sep/2019', '2019-09-05'),
(2143, 1, 'USD', '1535', '1547', '06/09/2019', '2019-09-06'),
(2144, 1, 'EUR', '1675', '1685', '06/09/2019', '2019-09-06'),
(2145, 1, 'SGD', '1093', '1103', '06/09/2019', '2019-09-06'),
(2146, 1, 'THB', '49', '51', '06/09/2019', '2019-09-06'),
(2147, 2, 'USD', '1543', '1557', '6th September 2019\r\n ( 1:28 PM )', '2019-09-06'),
(2148, 2, 'EURO', '1680', '1695', '6th September 2019\r\n ( 1:28 PM )', '2019-09-06'),
(2149, 2, 'SGD', '1100', '1110', '6th September 2019\r\n ( 1:28 PM )', '2019-09-06'),
(2150, 3, 'USD', '1525', '1540', '                          Updated on 06/09/2019 - 1:35 PM                      ', '2019-09-06'),
(2151, 3, 'EUR', '1680', '1690', '                          Updated on 06/09/2019 - 1:35 PM                      ', '2019-09-06'),
(2152, 3, 'SGD', '1107', '1117', '                          Updated on 06/09/2019 - 1:35 PM                      ', '2019-09-06'),
(2153, 3, 'THB', '50', '50.6', '                          Updated on 06/09/2019 - 1:35 PM                      ', '2019-09-06'),
(2154, 3, 'MYR', '355', '365', '                          Updated on 06/09/2019 - 1:35 PM                      ', '2019-09-06'),
(2155, 4, 'USD', '1550', '1560', '06.09.2019', '2019-09-06'),
(2156, 4, 'SGD', '1107', '1117', '06.09.2019', '2019-09-06'),
(2157, 4, 'EUR', '1680', '1700', '06.09.2019', '2019-09-06'),
(2158, 4, 'THB', '50.10', '50.70', '06.09.2019', '2019-09-06'),
(2159, 5, 'USD', '1538', '1550', 'Updated: 06. 09. 2019', '2019-09-06'),
(2160, 5, 'EURO', '1675', '1695', 'Updated: 06. 09. 2019', '2019-09-06'),
(2161, 5, 'SGD', '1100', '1115', 'Updated: 06. 09. 2019', '2019-09-06'),
(2162, 5, 'THB', '49', '52', 'Updated: 06. 09. 2019', '2019-09-06'),
(2163, 6, 'USD', '1535', '1560', '6/Sep/2019', '2019-09-06'),
(2164, 6, 'EUR', '1680', '1695', '6/Sep/2019', '2019-09-06'),
(2165, 6, 'SGD', '1102', '1115', '6/Sep/2019', '2019-09-06'),
(2166, 1, 'USD', '1540', '1555', '06/09/2019', '2019-09-07'),
(2167, 1, 'EUR', '1675', '1685', '06/09/2019', '2019-09-07'),
(2168, 1, 'SGD', '1093', '1103', '06/09/2019', '2019-09-07'),
(2169, 1, 'THB', '49', '51', '06/09/2019', '2019-09-07'),
(2170, 2, 'USD', '1543', '1557', '6th September 2019\r\n ( 1:28 PM )', '2019-09-07'),
(2171, 2, 'EURO', '1680', '1695', '6th September 2019\r\n ( 1:28 PM )', '2019-09-07'),
(2172, 2, 'SGD', '1100', '1110', '6th September 2019\r\n ( 1:28 PM )', '2019-09-07'),
(2173, 3, 'USD', '1525', '1545', '                          Updated on 06/09/2019 - 4:12 PM                      ', '2019-09-07'),
(2174, 3, 'EUR', '1680', '1690', '                          Updated on 06/09/2019 - 4:12 PM                      ', '2019-09-07'),
(2175, 3, 'SGD', '1107', '1117', '                          Updated on 06/09/2019 - 4:12 PM                      ', '2019-09-07'),
(2176, 3, 'THB', '50', '50.6', '                          Updated on 06/09/2019 - 4:12 PM                      ', '2019-09-07'),
(2177, 3, 'MYR', '355', '365', '                          Updated on 06/09/2019 - 4:12 PM                      ', '2019-09-07'),
(2178, 4, 'USD', '1550', '1560', '06.09.2019', '2019-09-07'),
(2179, 4, 'SGD', '1107', '1117', '06.09.2019', '2019-09-07'),
(2180, 4, 'EUR', '1680', '1700', '06.09.2019', '2019-09-07'),
(2181, 4, 'THB', '50.10', '50.70', '06.09.2019', '2019-09-07'),
(2182, 5, 'USD', '1538', '1550', 'Updated: 07. 09. 2019', '2019-09-07'),
(2183, 5, 'EURO', '1675', '1695', 'Updated: 07. 09. 2019', '2019-09-07'),
(2184, 5, 'SGD', '1100', '1115', 'Updated: 07. 09. 2019', '2019-09-07'),
(2185, 5, 'THB', '49', '52', 'Updated: 07. 09. 2019', '2019-09-07'),
(2186, 6, 'USD', '1535', '1560', '6/Sep/2019', '2019-09-07'),
(2187, 6, 'EUR', '1680', '1695', '6/Sep/2019', '2019-09-07'),
(2188, 6, 'SGD', '1102', '1115', '6/Sep/2019', '2019-09-07'),
(2189, 1, 'USD', '1540', '1555', '06/09/2019', '2019-09-08'),
(2190, 1, 'EUR', '1675', '1685', '06/09/2019', '2019-09-08'),
(2191, 1, 'SGD', '1093', '1103', '06/09/2019', '2019-09-08'),
(2192, 1, 'THB', '49', '51', '06/09/2019', '2019-09-08'),
(2193, 2, 'USD', '1543', '1557', '6th September 2019\r\n ( 1:28 PM )', '2019-09-08'),
(2194, 2, 'EURO', '1680', '1695', '6th September 2019\r\n ( 1:28 PM )', '2019-09-08'),
(2195, 2, 'SGD', '1100', '1110', '6th September 2019\r\n ( 1:28 PM )', '2019-09-08'),
(2196, 3, 'USD', '1525', '1545', '                          Updated on 06/09/2019 - 4:12 PM                      ', '2019-09-08'),
(2197, 3, 'EUR', '1680', '1690', '                          Updated on 06/09/2019 - 4:12 PM                      ', '2019-09-08'),
(2198, 3, 'SGD', '1107', '1117', '                          Updated on 06/09/2019 - 4:12 PM                      ', '2019-09-08'),
(2199, 3, 'THB', '50', '50.6', '                          Updated on 06/09/2019 - 4:12 PM                      ', '2019-09-08'),
(2200, 3, 'MYR', '355', '365', '                          Updated on 06/09/2019 - 4:12 PM                      ', '2019-09-08'),
(2201, 4, 'USD', '1550', '1560', '06.09.2019', '2019-09-08'),
(2202, 4, 'SGD', '1107', '1117', '06.09.2019', '2019-09-08'),
(2203, 4, 'EUR', '1680', '1700', '06.09.2019', '2019-09-08'),
(2204, 4, 'THB', '50.10', '50.70', '06.09.2019', '2019-09-08'),
(2205, 5, 'USD', '1538', '1550', 'Updated: 07. 09. 2019', '2019-09-08'),
(2206, 5, 'EURO', '1675', '1695', 'Updated: 07. 09. 2019', '2019-09-08'),
(2207, 5, 'SGD', '1100', '1115', 'Updated: 07. 09. 2019', '2019-09-08'),
(2208, 5, 'THB', '49', '52', 'Updated: 07. 09. 2019', '2019-09-08'),
(2209, 6, 'USD', '1535', '1560', '6/Sep/2019', '2019-09-08'),
(2210, 6, 'EUR', '1680', '1695', '6/Sep/2019', '2019-09-08'),
(2211, 6, 'SGD', '1102', '1115', '6/Sep/2019', '2019-09-08'),
(2281, 1, 'USD', '1525', '1540', '09/09/2019', '2019-09-09'),
(2282, 1, 'EUR', '1675', '1685', '09/09/2019', '2019-09-09'),
(2283, 1, 'SGD', '1095', '1108', '09/09/2019', '2019-09-09'),
(2284, 1, 'THB', '49', '51', '09/09/2019', '2019-09-09'),
(2285, 2, 'USD', '1522', '1535', '9th September 2019\r\n ( 2:08 PM)', '2019-09-09'),
(2286, 2, 'EURO', '1672', '1695', '9th September 2019\r\n ( 2:08 PM)', '2019-09-09'),
(2287, 2, 'SGD', '1100', '1115', '9th September 2019\r\n ( 2:08 PM)', '2019-09-09'),
(2288, 3, 'USD', '1516', '1530', 'Updated on 09/09/2019 - 2:31 PM', '2019-09-09'),
(2289, 3, 'EUR', '1670', '1685', 'Updated on 09/09/2019 - 2:31 PM', '2019-09-09'),
(2290, 3, 'SGD', '1102', '1110', 'Updated on 09/09/2019 - 2:31 PM', '2019-09-09'),
(2291, 3, 'THB', '49.9', '50.5', 'Updated on 09/09/2019 - 2:31 PM', '2019-09-09'),
(2292, 3, 'MYR', '355', '365', 'Updated on 09/09/2019 - 2:31 PM', '2019-09-09'),
(2293, 4, 'USD', '1530', '1535', '09.09.2019', '2019-09-09'),
(2294, 4, 'SGD', '1103', '1110', '09.09.2019', '2019-09-09'),
(2295, 4, 'EUR', '1678', '1688', '09.09.2019', '2019-09-09'),
(2296, 4, 'THB', '50.00', '50.50', '09.09.2019', '2019-09-09'),
(2297, 5, 'USD', '1527', '1535', 'Updated: 09. 09. 2019', '2019-09-09'),
(2298, 5, 'EURO', '1678', '1693', 'Updated: 09. 09. 2019', '2019-09-09'),
(2299, 5, 'SGD', '1100', '1110', 'Updated: 09. 09. 2019', '2019-09-09'),
(2300, 5, 'THB', '49', '51', 'Updated: 09. 09. 2019', '2019-09-09'),
(2301, 6, 'USD', '1525', '1536', '9/Sep/2019', '2019-09-09'),
(2302, 6, 'EUR', '1670', '1685', '9/Sep/2019', '2019-09-09'),
(2303, 6, 'SGD', '1095', '1105', '9/Sep/2019', '2019-09-09'),
(2327, 1, 'USD', '1520', '1532', '10/09/2019', '2019-09-10'),
(2328, 1, 'EUR', '1670', '1685', '10/09/2019', '2019-09-10'),
(2329, 1, 'SGD', '1095', '1108', '10/09/2019', '2019-09-10'),
(2330, 1, 'THB', '49', '51', '10/09/2019', '2019-09-10'),
(2331, 2, 'USD', '1520', '1529', '10th September 2019\r\n (  10:38 AM )', '2019-09-10'),
(2332, 2, 'EURO', '1670', '1685', '10th September 2019\r\n (  10:38 AM )', '2019-09-10'),
(2333, 2, 'SGD', '1103', '1110', '10th September 2019\r\n (  10:38 AM )', '2019-09-10'),
(2334, 3, 'USD', '1516', '1526', 'Updated on 10/09/2019 - 10:06 AM', '2019-09-10'),
(2335, 3, 'EUR', '1670', '1685', 'Updated on 10/09/2019 - 10:06 AM', '2019-09-10'),
(2336, 3, 'SGD', '1098', '1106', 'Updated on 10/09/2019 - 10:06 AM', '2019-09-10'),
(2337, 3, 'THB', '355', '365', 'Updated on 10/09/2019 - 10:06 AM', '2019-09-10'),
(2338, 3, 'MYR', '49.7', '50.3', 'Updated on 10/09/2019 - 10:06 AM', '2019-09-10'),
(2339, 4, 'USD', '1523', '1529', '10.09.2019', '2019-09-10'),
(2340, 4, 'SGD', '1100', '1107', '10.09.2019', '2019-09-10'),
(2341, 4, 'EUR', '1673', '1685', '10.09.2019', '2019-09-10'),
(2342, 4, 'THB', '49.80', '50.25', '10.09.2019', '2019-09-10'),
(2343, 5, 'USD', '1523', '1528', 'Updated: 10. 09. 2019', '2019-09-10'),
(2344, 5, 'EURO', '1675', '1690', 'Updated: 10. 09. 2019', '2019-09-10'),
(2345, 5, 'SGD', '1097', '1107', 'Updated: 10. 09. 2019', '2019-09-10'),
(2346, 5, 'THB', '49', '51', 'Updated: 10. 09. 2019', '2019-09-10'),
(2347, 6, 'USD', '1518', '1528', '10/Sep/2019', '2019-09-10'),
(2348, 6, 'EUR', '1665', '1680', '10/Sep/2019', '2019-09-10'),
(2349, 6, 'SGD', '1095', '1105', '10/Sep/2019', '2019-09-10'),
(2419, 1, 'USD', '1518', '1528', '11/09/2019', '2019-09-11'),
(2420, 1, 'EUR', '1665', '1685', '11/09/2019', '2019-09-11'),
(2421, 1, 'SGD', '1090', '1102', '11/09/2019', '2019-09-11'),
(2422, 1, 'THB', '4850', '51', '11/09/2019', '2019-09-11'),
(2423, 2, 'USD', '1529', '1536', '11th September 2019\r\n ( 3:13 PM  )', '2019-09-11'),
(2424, 2, 'EURO', '1670', '1685', '11th September 2019\r\n ( 3:13 PM  )', '2019-09-11'),
(2425, 2, 'SGD', '1100', '1107', '11th September 2019\r\n ( 3:13 PM  )', '2019-09-11'),
(2426, 3, 'USD', '1525', '1533', 'Updated on 11/09/2019 - 11:31 AM', '2019-09-11'),
(2427, 3, 'EUR', '1670', '1685', 'Updated on 11/09/2019 - 11:31 AM', '2019-09-11'),
(2428, 3, 'SGD', '1098', '1106', 'Updated on 11/09/2019 - 11:31 AM', '2019-09-11'),
(2429, 3, 'THB', '49.6', '50.2', 'Updated on 11/09/2019 - 11:31 AM', '2019-09-11'),
(2430, 3, 'MYR', '355', '365', 'Updated on 11/09/2019 - 11:31 AM', '2019-09-11'),
(2431, 4, 'USD', '1526', '1531', '11.09.2019', '2019-09-11'),
(2432, 4, 'SGD', '1100', '1107', '11.09.2019', '2019-09-11'),
(2433, 4, 'EUR', '1675', '1685', '11.09.2019', '2019-09-11'),
(2434, 4, 'THB', '49.80', '50.20', '11.09.2019', '2019-09-11'),
(2435, 5, 'USD', '1530', '1537', 'Updated: 11. 09. 2019', '2019-09-11'),
(2436, 5, 'EURO', '1665', '1685', 'Updated: 11. 09. 2019', '2019-09-11'),
(2437, 5, 'SGD', '1100', '1107', 'Updated: 11. 09. 2019', '2019-09-11'),
(2438, 5, 'THB', '49', '51', 'Updated: 11. 09. 2019', '2019-09-11'),
(2439, 6, 'USD', '1518', '1528', '10/Sep/2019', '2019-09-11'),
(2440, 6, 'EUR', '1665', '1680', '10/Sep/2019', '2019-09-11'),
(2441, 6, 'SGD', '1095', '1105', '10/Sep/2019', '2019-09-11'),
(2511, 1, 'USD', '1522', '1534', '12/09/2019', '2019-09-12'),
(2512, 1, 'EUR', '1665', '1688', '12/09/2019', '2019-09-12'),
(2513, 1, 'SGD', '1090', '1102', '12/09/2019', '2019-09-12'),
(2514, 1, 'THB', '485', '505', '12/09/2019', '2019-09-12'),
(2515, 2, 'USD', '1530', '1537', '12th September 2019\r\n ( 11:23 AM  )', '2019-09-12'),
(2516, 2, 'EURO', '1670', '1685', '12th September 2019\r\n ( 11:23 AM  )', '2019-09-12'),
(2517, 2, 'SGD', '1100', '1108', '12th September 2019\r\n ( 11:23 AM  )', '2019-09-12'),
(2518, 3, 'USD', '1528', '1536', 'Updated on 12/09/2019 - 11:26 AM', '2019-09-12'),
(2519, 3, 'EUR', '1680', '1688', 'Updated on 12/09/2019 - 11:26 AM', '2019-09-12'),
(2520, 3, 'SGD', '1101', '1107', 'Updated on 12/09/2019 - 11:26 AM', '2019-09-12'),
(2521, 3, 'THB', '49.9', '50.4', 'Updated on 12/09/2019 - 11:26 AM', '2019-09-12'),
(2522, 3, 'MYR', '355', '365', 'Updated on 12/09/2019 - 11:26 AM', '2019-09-12'),
(2523, 4, 'USD', '1530', '1535', '12.09.2019', '2019-09-12'),
(2524, 4, 'SGD', '1101', '1108', '12.09.2019', '2019-09-12'),
(2525, 4, 'EUR', '1675', '1685', '12.09.2019', '2019-09-12'),
(2526, 4, 'THB', '49.90', '50.35', '12.09.2019', '2019-09-12'),
(2527, 5, 'USD', '1532', '1537', 'Updated: 12. 09. 2019', '2019-09-12'),
(2528, 5, 'EURO', '1675', '1685', 'Updated: 12. 09. 2019', '2019-09-12'),
(2529, 5, 'SGD', '1101', '1106', 'Updated: 12. 09. 2019', '2019-09-12'),
(2530, 5, 'THB', '49', '51', 'Updated: 12. 09. 2019', '2019-09-12'),
(2531, 6, 'USD', '1518', '1528', '10/Sep/2019', '2019-09-12'),
(2532, 6, 'EUR', '1665', '1680', '10/Sep/2019', '2019-09-12'),
(2533, 6, 'SGD', '1095', '1105', '10/Sep/2019', '2019-09-12'),
(2603, 1, 'USD', '1525', '1534', '13/09/2019', '2019-09-13'),
(2604, 1, 'EUR', '1670', '1685', '13/09/2019', '2019-09-13'),
(2605, 1, 'SGD', '1090', '1100', '13/09/2019', '2019-09-13'),
(2606, 1, 'THB', '48', '495', '13/09/2019', '2019-09-13'),
(2607, 2, 'USD', '1530', '1535', '13th September 2019\r\n ( 12:36 PM  )', '2019-09-13'),
(2608, 2, 'EURO', '1675', '1685', '13th September 2019\r\n ( 12:36 PM  )', '2019-09-13'),
(2609, 2, 'SGD', '1100', '1110', '13th September 2019\r\n ( 12:36 PM  )', '2019-09-13'),
(2610, 3, 'USD', '1524', '1532', 'Updated on 13/09/2019 - 1:08 PM', '2019-09-13'),
(2611, 3, 'EUR', '1675', '1687', 'Updated on 13/09/2019 - 1:08 PM', '2019-09-13'),
(2612, 3, 'SGD', '1104', '1110', 'Updated on 13/09/2019 - 1:08 PM', '2019-09-13'),
(2613, 3, 'THB', '49.9', '50.4', 'Updated on 13/09/2019 - 1:08 PM', '2019-09-13'),
(2614, 3, 'MYR', '355', '365', 'Updated on 13/09/2019 - 1:08 PM', '2019-09-13'),
(2615, 4, 'USD', '1530', '1535', '13.09.2019', '2019-09-13'),
(2616, 4, 'SGD', '1103', '1110', '13.09.2019', '2019-09-13'),
(2617, 4, 'EUR', '1676', '1688', '13.09.2019', '2019-09-13'),
(2618, 4, 'THB', '49.90', '50.40', '13.09.2019', '2019-09-13'),
(2619, 5, 'USD', '1529', '1534', 'Updated: 13. 09. 2019', '2019-09-13'),
(2620, 5, 'EURO', '1675', '1685', 'Updated: 13. 09. 2019', '2019-09-13'),
(2621, 5, 'SGD', '1104', '1109', 'Updated: 13. 09. 2019', '2019-09-13'),
(2622, 5, 'THB', '49', '52', 'Updated: 13. 09. 2019', '2019-09-13'),
(2623, 6, 'USD', '1518', '1528', '10/Sep/2019', '2019-09-13'),
(2624, 6, 'EUR', '1665', '1680', '10/Sep/2019', '2019-09-13'),
(2625, 6, 'SGD', '1095', '1105', '10/Sep/2019', '2019-09-13'),
(2626, 1, 'USD', '1525', '1534', '13/09/2019', '2019-09-14'),
(2627, 1, 'EUR', '1670', '1685', '13/09/2019', '2019-09-14'),
(2628, 1, 'SGD', '1090', '1100', '13/09/2019', '2019-09-14'),
(2629, 1, 'THB', '48', '495', '13/09/2019', '2019-09-14'),
(2630, 2, 'USD', '1530', '1535', '13th September 2019\r\n ( 12:36 PM  )', '2019-09-14'),
(2631, 2, 'EURO', '1675', '1685', '13th September 2019\r\n ( 12:36 PM  )', '2019-09-14'),
(2632, 2, 'SGD', '1100', '1110', '13th September 2019\r\n ( 12:36 PM  )', '2019-09-14'),
(2633, 3, 'USD', '1524', '1532', 'Updated on 13/09/2019 - 1:08 PM', '2019-09-14'),
(2634, 3, 'EUR', '1675', '1687', 'Updated on 13/09/2019 - 1:08 PM', '2019-09-14'),
(2635, 3, 'SGD', '1104', '1110', 'Updated on 13/09/2019 - 1:08 PM', '2019-09-14'),
(2636, 3, 'THB', '49.9', '50.4', 'Updated on 13/09/2019 - 1:08 PM', '2019-09-14'),
(2637, 3, 'MYR', '355', '365', 'Updated on 13/09/2019 - 1:08 PM', '2019-09-14'),
(2638, 4, 'USD', '1530', '1535', '13.09.2019', '2019-09-14'),
(2639, 4, 'SGD', '1103', '1110', '13.09.2019', '2019-09-14'),
(2640, 4, 'EUR', '1676', '1688', '13.09.2019', '2019-09-14'),
(2641, 4, 'THB', '49.90', '50.40', '13.09.2019', '2019-09-14'),
(2642, 5, 'USD', '1529', '1534', 'Updated: 14. 09. 2019', '2019-09-14'),
(2643, 5, 'EURO', '1675', '1685', 'Updated: 14. 09. 2019', '2019-09-14'),
(2644, 5, 'SGD', '1104', '1109', 'Updated: 14. 09. 2019', '2019-09-14'),
(2645, 5, 'THB', '49', '52', 'Updated: 14. 09. 2019', '2019-09-14'),
(2646, 6, 'USD', '1518', '1528', '10/Sep/2019', '2019-09-14'),
(2647, 6, 'EUR', '1665', '1680', '10/Sep/2019', '2019-09-14'),
(2648, 6, 'SGD', '1095', '1105', '10/Sep/2019', '2019-09-14'),
(2649, 1, 'USD', '1525', '1534', '13/09/2019', '2019-09-15'),
(2650, 1, 'EUR', '1670', '1685', '13/09/2019', '2019-09-15'),
(2651, 1, 'SGD', '1090', '1100', '13/09/2019', '2019-09-15'),
(2652, 1, 'THB', '48', '495', '13/09/2019', '2019-09-15'),
(2653, 2, 'USD', '1530', '1535', '13th September 2019\r\n ( 12:36 PM  )', '2019-09-15'),
(2654, 2, 'EURO', '1675', '1685', '13th September 2019\r\n ( 12:36 PM  )', '2019-09-15'),
(2655, 2, 'SGD', '1100', '1110', '13th September 2019\r\n ( 12:36 PM  )', '2019-09-15'),
(2656, 3, 'USD', '1524', '1532', 'Updated on 13/09/2019 - 1:08 PM', '2019-09-15'),
(2657, 3, 'EUR', '1675', '1687', 'Updated on 13/09/2019 - 1:08 PM', '2019-09-15'),
(2658, 3, 'SGD', '1104', '1110', 'Updated on 13/09/2019 - 1:08 PM', '2019-09-15'),
(2659, 3, 'THB', '49.9', '50.4', 'Updated on 13/09/2019 - 1:08 PM', '2019-09-15'),
(2660, 3, 'MYR', '355', '365', 'Updated on 13/09/2019 - 1:08 PM', '2019-09-15'),
(2661, 4, 'USD', '1530', '1535', '13.09.2019', '2019-09-15'),
(2662, 4, 'SGD', '1103', '1110', '13.09.2019', '2019-09-15'),
(2663, 4, 'EUR', '1676', '1688', '13.09.2019', '2019-09-15'),
(2664, 4, 'THB', '49.90', '50.40', '13.09.2019', '2019-09-15'),
(2665, 5, 'USD', '1529', '1534', 'Updated: 15. 09. 2019', '2019-09-15'),
(2666, 5, 'EURO', '1675', '1685', 'Updated: 15. 09. 2019', '2019-09-15'),
(2667, 5, 'SGD', '1104', '1109', 'Updated: 15. 09. 2019', '2019-09-15'),
(2668, 5, 'THB', '49', '52', 'Updated: 15. 09. 2019', '2019-09-15'),
(2669, 6, 'USD', '1518', '1528', '10/Sep/2019', '2019-09-15'),
(2670, 6, 'EUR', '1665', '1680', '10/Sep/2019', '2019-09-15'),
(2671, 6, 'SGD', '1095', '1105', '10/Sep/2019', '2019-09-15');

-- --------------------------------------------------------

--
-- Table structure for table `exchange_rate`
--

CREATE TABLE `exchange_rate` (
  `id` int(11) NOT NULL,
  `exchange_currency` varchar(150) COLLATE utf8_unicode_ci NOT NULL,
  `exchange_rate_buy` varchar(150) COLLATE utf8_unicode_ci NOT NULL,
  `exchange_rate_sell` varchar(150) COLLATE utf8_unicode_ci NOT NULL,
  `bank_id` int(11) NOT NULL
) ENGINE=InnoDB DEFAULT CHARSET=utf8 COLLATE=utf8_unicode_ci;

--
-- Dumping data for table `exchange_rate`
--

INSERT INTO `exchange_rate` (`id`, `exchange_currency`, `exchange_rate_buy`, `exchange_rate_sell`, `bank_id`) VALUES
(1, 'USD', '1530', '1535', 2),
(2, 'EURO', '1675', '1685', 2),
(3, 'SGD', '1100', '1110', 2),
(4, 'USD', '1524', '1532', 3),
(5, 'EUR', '1675', '1687', 3),
(6, 'SGD', '1104', '1110', 3),
(7, 'THB', '49.9', '50.4', 3),
(8, 'MYR', '355', '365', 3),
(9, 'USD', '1525', '1534', 1),
(10, 'EUR', '1670', '1685', 1),
(11, 'SGD', '1090', '1100', 1),
(12, 'THB', '48', '495', 1),
(13, 'USD', '1518', '1528', 6),
(14, 'EUR', '1665', '1680', 6),
(15, 'SGD', '1095', '1105', 6),
(16, 'USD', '1529', '1534', 5),
(17, 'EURO', '1675', '1685', 5),
(18, 'SGD', '1104', '1109', 5),
(19, 'THB', '49', '52', 5),
(20, 'USD', '1530', '1535', 4),
(21, 'SGD', '1103', '1110', 4),
(22, 'EUR', '1676', '1688', 4),
(23, 'THB', '49.90', '50.40', 4);

-- --------------------------------------------------------

--
-- Table structure for table `exchange_time`
--

CREATE TABLE `exchange_time` (
  `id` int(11) NOT NULL,
  `exchange_time` varchar(250) COLLATE utf8_unicode_ci NOT NULL,
  `bank_id` int(11) NOT NULL
) ENGINE=InnoDB DEFAULT CHARSET=utf8 COLLATE=utf8_unicode_ci;

--
-- Dumping data for table `exchange_time`
--

INSERT INTO `exchange_time` (`id`, `exchange_time`, `bank_id`) VALUES
(1, '13th September 2019\r\n ( 12:36 PM  )', 2),
(2, 'Updated on 13/09/2019 - 1:08 PM', 3),
(3, '13/09/2019', 1),
(4, '10/Sep/2019', 6),
(5, 'Updated: 15. 09. 2019', 5),
(6, '13.09.2019', 4);

-- --------------------------------------------------------

--
-- Table structure for table `township`
--

CREATE TABLE `township` (
  `id` int(11) NOT NULL,
  `code` varchar(10) DEFAULT NULL,
  `township` varchar(55) NOT NULL,
  `cityid` int(11) NOT NULL,
  `description` text DEFAULT NULL,
  `created_date` date NOT NULL,
  `updated_date` date NOT NULL
) ENGINE=InnoDB DEFAULT CHARSET=utf8;

--
-- Dumping data for table `township`
--

INSERT INTO `township` (`id`, `code`, `township`, `cityid`, `description`, `created_date`, `updated_date`) VALUES
(1, '1', 'ဂန့်ဂေါ', 1, '', '2017-04-24', '2017-04-24'),
(2, '2', 'ဆော', 1, '', '2017-04-24', '2017-04-24'),
(3, '3', 'ထီးလင်း', 1, '', '2017-04-24', '2017-04-24'),
(4, '4', 'ဆိပ်ဖြူ', 1, '', '2017-04-24', '2017-04-24'),
(5, '5', 'ပခုက္ကူ', 1, '', '2017-04-24', '2017-04-24'),
(6, '6', 'ပေါက်', 1, '', '2017-04-24', '2017-04-24'),
(7, '7', 'မြိုင်', 1, '', '2017-04-24', '2017-04-24'),
(8, '8', 'ရေစကြို', 1, '', '2017-04-24', '2017-04-24'),
(9, '9', 'ချောက်', 1, '', '2017-04-24', '2017-04-24'),
(10, '10', 'တောင်တွင်းကြီး', 1, '', '2017-04-24', '2017-04-24'),
(11, '11', 'နတ်မောက်', 1, '', '2017-04-24', '2017-04-24'),
(12, '12', 'မကွေး', 1, '', '2017-04-24', '2017-04-24'),
(13, '13', 'မြို့သစ်', 1, '', '2017-04-24', '2017-04-24'),
(14, '14', 'ရေနံချောင်း', 1, '', '2017-04-24', '2017-04-24'),
(15, '15', 'ငဖဲမြို့နယ်', 1, '', '2017-04-24', '2017-04-24'),
(16, '16', 'စလင်း', 1, '', '2017-04-24', '2017-04-24'),
(17, '17', 'စေတုတ္တရာမြို့နယ်', 1, '', '2017-04-24', '2017-04-24'),
(18, '18', 'ပွင့်ဖြူ', 1, '', '2017-04-24', '2017-04-24'),
(19, '19', 'မင်းဘူး', 1, '', '2017-04-24', '2017-04-24'),
(20, '20', 'ကံမမြို့နယ်', 1, '', '2017-04-24', '2017-04-24'),
(21, '21', 'ဆင်ပေါင်ဝဲ', 1, '', '2017-04-24', '2017-04-24'),
(22, '22', 'မင်းတုန်း', 1, '', '2017-04-24', '2017-04-24'),
(23, '23', 'မင်းလှ', 1, '', '2017-04-24', '2017-04-24'),
(24, '24', 'သရက်', 1, '', '2017-04-24', '2017-04-24'),
(25, '25', 'အောင်လံ', 1, '', '2017-04-24', '2017-04-24'),
(26, '26', 'အခြား', 1, '', '2017-04-24', '2017-04-24'),
(27, '27', 'ခေါင်လန်းဖူး', 2, '', '2017-04-24', '2017-04-24'),
(28, '28', 'ဆွမ်ပရာဘွမ်', 2, '', '2017-04-24', '2017-04-24'),
(29, '29', 'နောင်မွန်း', 2, '', '2017-04-24', '2017-04-24'),
(30, '30', 'ပူတာအို', 2, '', '2017-04-24', '2017-04-24'),
(31, '31', 'မချမ်းဘော', 2, '', '2017-04-24', '2017-04-24'),
(32, '32', 'ဗန်းမော်', 2, '', '2017-04-24', '2017-04-24'),
(33, '33', 'မံစီ', 2, '', '2017-04-24', '2017-04-24'),
(34, '34', 'မိုးမောက်', 2, '', '2017-04-24', '2017-04-24'),
(35, '35', 'ရွှေကူ', 2, '', '2017-04-24', '2017-04-24'),
(36, '36', 'ဖားကန့်', 2, '', '2017-04-24', '2017-04-24'),
(37, '37', 'မိုးကောင်း', 2, '', '2017-04-24', '2017-04-24'),
(38, '38', 'မိုးညှင်း', 2, '', '2017-04-24', '2017-04-24'),
(39, '39', 'ချီဖွေ', 2, '', '2017-04-24', '2017-04-24'),
(40, '40', 'ဆော့လော်', 2, '', '2017-04-24', '2017-04-24'),
(41, '41', 'တနိုင်း', 2, '', '2017-04-24', '2017-04-24'),
(42, '42', 'မြစ်ကြီးနား', 2, '', '2017-04-24', '2017-04-24'),
(43, '43', 'ဝိုင်းမော်', 2, '', '2017-04-24', '2017-04-24'),
(44, '44', 'အင်ဂျန်းယန်', 2, '', '2017-04-24', '2017-04-24'),
(45, '45', 'အခြား', 2, '', '2017-04-24', '2017-04-24'),
(46, '46', 'ဖားဆောင်း', 3, '', '2017-04-24', '2017-04-24'),
(47, '47', 'ဘော်လခဲ', 3, '', '2017-04-24', '2017-04-24'),
(48, '48', 'မယ်စဲ', 3, '', '2017-04-24', '2017-04-24'),
(49, '49', 'ဒီးမော့ဆို', 3, '', '2017-04-24', '2017-04-24'),
(50, '50', 'ဖရူဆို', 3, '', '2017-04-24', '2017-04-24'),
(51, '51', 'ရှားတော', 3, '', '2017-04-24', '2017-04-24'),
(52, '52', 'လွိုင်ကော်', 3, '', '2017-04-24', '2017-04-24'),
(53, '53', 'အခြား', 3, '', '2017-04-24', '2017-04-24'),
(54, '54', 'ကော့ကရိတ်', 4, '', '2017-04-24', '2017-04-24'),
(55, '55', 'ကြာအင်းဆိပ်ကြီး', 4, '', '2017-04-24', '2017-04-24'),
(56, '56', 'ဖာပွန်မြို့', 4, '', '2017-04-24', '2017-04-24'),
(57, '57', 'ဘားအံ', 4, '', '2017-04-24', '2017-04-24'),
(58, '58', 'လိူင်းဘွဲ့', 4, '', '2017-04-24', '2017-04-24'),
(59, '59', 'သံတောင်ကြီး', 4, '', '2017-04-24', '2017-04-24'),
(60, '60', 'မြဝတီ', 4, '', '2017-04-24', '2017-04-24'),
(61, '61', 'အခြား', 4, '', '2017-04-24', '2017-04-24'),
(62, '62', 'တီးတိန်', 5, '', '2017-04-24', '2017-04-24'),
(63, '63', 'တွန်းဇန်', 5, '', '2017-04-24', '2017-04-24'),
(64, '64', 'ဖလမ်း', 5, '', '2017-04-24', '2017-04-24'),
(65, '65', 'ကန်ပက်လက်', 5, '', '2017-04-24', '2017-04-24'),
(66, '66', 'ပလက်ဝ', 5, '', '2017-04-24', '2017-04-24'),
(67, '67', 'မတူပီ', 5, '', '2017-04-24', '2017-04-24'),
(68, '68', 'မင်းတပ်', 5, '', '2017-04-24', '2017-04-24'),
(69, '69', 'ထန်တလန်', 5, '', '2017-04-24', '2017-04-24'),
(70, '70', 'ဟားခါး', 5, '', '2017-04-24', '2017-04-24'),
(71, '71', 'အခြား', 5, '', '2017-04-24', '2017-04-24'),
(72, '72', 'ကလေး', 6, '', '2017-04-24', '2017-04-24'),
(73, '73', 'ကလေးဝ', 6, '', '2017-04-24', '2017-04-24'),
(74, '74', 'မင်းကင်း', 6, '', '2017-04-24', '2017-04-24'),
(75, '75', 'ကသာ', 6, '', '2017-04-24', '2017-04-24'),
(76, '76', 'အင်းတော်', 6, '', '2017-04-24', '2017-04-24'),
(77, '77', 'ထီးချိုင့်', 6, '', '2017-04-24', '2017-04-24'),
(78, '78', 'ပင်လည်ဘူး', 6, '', '2017-04-24', '2017-04-24'),
(79, '79', 'ဗန်းမောက်', 6, '', '2017-04-24', '2017-04-24'),
(80, '80', 'ဝန်းသို', 6, '', '2017-04-24', '2017-04-24'),
(81, '81', 'အင်းတော်', 6, '', '2017-04-24', '2017-04-24'),
(82, '82', 'ကန့်ဘလူ', 6, '', '2017-04-24', '2017-04-24'),
(83, '83', 'ကျွန်းလှ', 6, '', '2017-04-24', '2017-04-24'),
(84, '84', 'တန့်ဆည်', 6, '', '2017-04-24', '2017-04-24'),
(85, '85', 'ရေဦး', 6, '', '2017-04-24', '2017-04-24'),
(86, '86', 'ခန္တီး', 6, '', '2017-04-24', '2017-04-24'),
(87, '87', 'နန်းယွန်း', 6, '', '2017-04-24', '2017-04-24'),
(88, '88', 'လဟယ်', 6, '', '2017-04-24', '2017-04-24'),
(89, '89', 'လေရှီး', 6, '', '2017-04-24', '2017-04-24'),
(90, '90', 'ဟုမ္မလင်း', 6, '', '2017-04-24', '2017-04-24'),
(91, '91', 'စစ်ကိုင်း', 6, '', '2017-04-24', '2017-04-24'),
(92, '92', 'မြင်းမူ', 6, '', '2017-04-24', '2017-04-24'),
(93, '93', 'မြောင်', 6, '', '2017-04-24', '2017-04-24'),
(94, '94', 'တမူး', 6, '', '2017-04-24', '2017-04-24'),
(95, '95', 'ဖောင်းပြင်', 6, '', '2017-04-24', '2017-04-24'),
(96, '96', 'မော်လိုက်', 6, '', '2017-04-24', '2017-04-24'),
(97, '97', 'ချောင်းဦး', 6, '', '2017-04-24', '2017-04-24'),
(98, '98', 'ဘုတလင်', 6, '', '2017-04-24', '2017-04-24'),
(99, '99', 'မုံရွာ', 6, '', '2017-04-24', '2017-04-24'),
(100, '100', 'အရာတော်', 6, '', '2017-04-24', '2017-04-24'),
(101, '101', 'ကနီ', 6, '', '2017-04-24', '2017-04-24'),
(102, '102', 'ဆားလင်းကြီး', 6, '', '2017-04-24', '2017-04-24'),
(103, '103', 'ပုလဲ', 6, '', '2017-04-24', '2017-04-24'),
(104, '104', 'ယင်းမာပင်', 6, '', '2017-04-24', '2017-04-24'),
(105, '105', 'ခင်ဦး', 6, '', '2017-04-24', '2017-04-24'),
(106, '106', 'ဒီပဲယင်း', 6, '', '2017-04-24', '2017-04-24'),
(107, '107', 'ရွှေဘို', 6, '', '2017-04-24', '2017-04-24'),
(108, '108', 'ဝက်လက်', 6, '', '2017-04-24', '2017-04-24'),
(109, '109', 'အခြား', 6, '', '2017-04-24', '2017-04-24'),
(110, '110', 'ကော့သောင်း', 7, '', '2017-04-24', '2017-04-24'),
(111, '111', 'ဘုတ်ပြင်း', 7, '', '2017-04-24', '2017-04-24'),
(112, '112', 'ထားဝယ်', 7, '', '2017-04-24', '2017-04-24'),
(113, '113', 'ရေဖြူ', 7, '', '2017-04-24', '2017-04-24'),
(114, '114', 'လောင်းလုံး', 7, '', '2017-04-24', '2017-04-24'),
(115, '115', 'သရက်ချောင်း', 7, '', '2017-04-24', '2017-04-24'),
(116, '116', 'ကျွန်းစု', 7, '', '2017-04-24', '2017-04-24'),
(117, '117', 'တနင်္သာရီ', 7, '', '2017-04-24', '2017-04-24'),
(118, '118', 'ပုလော', 7, '', '2017-04-24', '2017-04-24'),
(119, '119', 'မြိတ်', 7, '', '2017-04-24', '2017-04-24'),
(120, '120', 'အခြား', 7, '', '2017-04-24', '2017-04-24'),
(121, '121', 'ကျောက်ကြီး', 8, '', '2017-04-24', '2017-04-24'),
(122, '122', 'တောင်ငူ', 8, '', '2017-04-24', '2017-04-24'),
(123, '123', 'ထန်းတပင်', 8, '', '2017-04-24', '2017-04-24'),
(124, '124', 'ဖြူး', 8, '', '2017-04-24', '2017-04-24'),
(125, '125', 'ရေတာရှည်', 8, '', '2017-04-24', '2017-04-24'),
(126, '126', 'အုတ်တွင်း', 8, '', '2017-04-24', '2017-04-24'),
(127, '127', 'ကဝ', 8, '', '2017-04-24', '2017-04-24'),
(128, '128', 'ကျောက်တံခါး', 8, '', '2017-04-24', '2017-04-24'),
(129, '129', 'ညောင်လေးပင်', 8, '', '2017-04-24', '2017-04-24'),
(130, '130', 'ဒိုက်ဦး', 8, '', '2017-04-24', '2017-04-24'),
(131, '131', 'ပဲခူး', 8, '', '2017-04-24', '2017-04-24'),
(132, '132', 'ရွှေကျင်', 8, '', '2017-04-24', '2017-04-24'),
(133, '133', 'ဝေါ', 8, '', '2017-04-24', '2017-04-24'),
(134, '134', 'သနပ်ပင်', 8, '', '2017-04-24', '2017-04-24'),
(135, '135', 'ပေါက်ခေါင်း', 8, '', '2017-04-24', '2017-04-24'),
(136, '136', 'ပေါင်းတည်', 8, '', '2017-04-24', '2017-04-24'),
(137, '137', 'ပန်းတောင်း', 8, '', '2017-04-24', '2017-04-24'),
(138, '138', 'ပြည်', 8, '', '2017-04-24', '2017-04-24'),
(139, '139', 'ရွှေတောင်', 8, '', '2017-04-24', '2017-04-24'),
(140, '140', 'သဲကုန်း', 8, '', '2017-04-24', '2017-04-24'),
(141, '141', 'ကြို့ပင်ကောက်', 8, '', '2017-04-24', '2017-04-24'),
(142, '142', 'ဇီးကုန်း', 8, '', '2017-04-24', '2017-04-24'),
(143, '143', 'နတ်တလင်း', 8, '', '2017-04-24', '2017-04-24'),
(144, '144', 'မိုးညို', 8, '', '2017-04-24', '2017-04-24'),
(145, '145', 'မင်းလှ', 8, '', '2017-04-24', '2017-04-24'),
(146, '146', 'လက်ပံတန်း', 8, '', '2017-04-24', '2017-04-24'),
(147, '147', 'သာယာဝတီ', 8, '', '2017-04-24', '2017-04-24'),
(148, '148', 'အုတ်ဖို', 8, '', '2017-04-24', '2017-04-24'),
(149, '149', 'အခြား', 8, '', '2017-04-24', '2017-04-24'),
(150, '150', 'ကျောက်ဆည်', 9, '', '2017-04-24', '2017-04-24'),
(151, '151', 'စဉ့်ကိုင်', 9, '', '2017-04-24', '2017-04-24'),
(152, '152', 'တံတားဦး', 9, '', '2017-04-24', '2017-04-24'),
(153, '153', 'မြစ်သား', 9, '', '2017-04-24', '2017-04-24'),
(154, '154', 'ကျောက်ပန်းတောင်း', 9, '', '2017-04-24', '2017-04-24'),
(155, '155', 'ညောင်ဦး', 9, '', '2017-04-24', '2017-04-24'),
(156, '156', 'စဉ့်ကူး', 9, '', '2017-04-24', '2017-04-24'),
(157, '157', 'ပြင်ဦးလွင်', 9, '', '2017-04-24', '2017-04-24'),
(158, '158', 'မိုးကုတ်', 9, '', '2017-04-24', '2017-04-24'),
(159, '159', 'မတ္တရာ', 9, '', '2017-04-24', '2017-04-24'),
(160, '160', 'သပိတ်ကျင်း', 9, '', '2017-04-24', '2017-04-24'),
(161, '161', 'ချမ်းမြသာစည်', 9, '', '2017-04-24', '2017-04-24'),
(162, '162', 'ချမ်းအေးသာဇံ', 9, '', '2017-04-24', '2017-04-24'),
(163, '163', 'ပြည်ကြီးတံခွန်', 9, '', '2017-04-24', '2017-04-24'),
(164, '164', 'မဟာအောင်မြေ', 9, '', '2017-04-24', '2017-04-24'),
(165, '165', 'အောင်မြေသာဇံ', 9, '', '2017-04-24', '2017-04-24'),
(166, '166', 'ပုသိမ်ကြီး', 9, '', '2017-04-24', '2017-04-24'),
(167, '167', 'အမရပူရ', 9, '', '2017-04-24', '2017-04-24'),
(168, '168', 'မလိူင်', 9, '', '2017-04-24', '2017-04-24'),
(169, '169', 'မိတ္ထီလာ', 9, '', '2017-04-24', '2017-04-24'),
(170, '170', 'ဝမ်းတွင်း', 9, '', '2017-04-24', '2017-04-24'),
(171, '171', 'သာစည်', 9, '', '2017-04-24', '2017-04-24'),
(172, '172', 'ငါန်းဇွန်', 9, '', '2017-04-24', '2017-04-24'),
(173, '173', 'တောင်သာ', 9, '', '2017-04-24', '2017-04-24'),
(174, '174', 'နွားထိုးကြီး', 9, '', '2017-04-24', '2017-04-24'),
(175, '175', 'မြင်းခြံ', 9, '', '2017-04-24', '2017-04-24'),
(176, '176', 'ပျော်ဘွယ်', 9, '', '2017-04-24', '2017-04-24'),
(177, '177', 'ရမည်းသင်း', 9, '', '2017-04-24', '2017-04-24'),
(178, '178', 'အခြား', 9, '', '2017-04-24', '2017-04-24'),
(179, '179', 'ကျိုက်မရော', 10, '', '2017-04-24', '2017-04-24'),
(180, '180', 'ချောင်းဆုံ', 10, '', '2017-04-24', '2017-04-24'),
(181, '181', 'မုဒုံ', 10, '', '2017-04-24', '2017-04-24'),
(182, '182', 'မော်လမြိုင်', 10, '', '2017-04-24', '2017-04-24'),
(183, '183', 'ရေး', 10, '', '2017-04-24', '2017-04-24'),
(184, '184', 'သံဖြူဇရပ်', 10, '', '2017-04-24', '2017-04-24'),
(185, '185', 'ကျိုက်ထို', 10, '', '2017-04-24', '2017-04-24'),
(186, '186', 'ပေါင်', 10, '', '2017-04-24', '2017-04-24'),
(187, '187', 'ဘီးလင်း', 10, '', '2017-04-24', '2017-04-24'),
(188, '188', 'သထုံ', 10, '', '2017-04-24', '2017-04-24'),
(189, '189', 'အခြား', 10, '', '2017-04-24', '2017-04-24'),
(190, '190', 'ကျောက်ဖြူ', 11, '', '2017-04-24', '2017-04-24'),
(191, '191', 'မာန်အောင်', 11, '', '2017-04-24', '2017-04-24'),
(192, '192', 'ရမ်းဗြဲ', 11, '', '2017-04-24', '2017-04-24'),
(193, '193', 'အမ်း', 11, '', '2017-04-24', '2017-04-24'),
(194, '194', 'စစ်တွေ', 11, '', '2017-04-24', '2017-04-24'),
(195, '195', 'ပေါက်တော', 11, '', '2017-04-24', '2017-04-24'),
(196, '196', 'ပုဏ္ဍားကျွန်း', 11, '', '2017-04-24', '2017-04-24'),
(197, '197', 'ရသေ့တောင်', 11, '', '2017-04-24', '2017-04-24'),
(198, '198', 'ဘူးသီးတောင်', 11, '', '2017-04-24', '2017-04-24'),
(199, '199', 'မောင်တော', 11, '', '2017-04-24', '2017-04-24'),
(200, '200', 'ကျောက်တော်', 11, '', '2017-04-24', '2017-04-24'),
(201, '201', 'မင်းပြား', 11, '', '2017-04-24', '2017-04-24'),
(202, '202', 'မြေပုံ', 11, '', '2017-04-24', '2017-04-24'),
(203, '203', 'မြောက်ဦး', 11, '', '2017-04-24', '2017-04-24'),
(204, '204', 'ဂွ', 11, '', '2017-04-24', '2017-04-24'),
(205, '205', 'တောင်ကုတ်', 11, '', '2017-04-24', '2017-04-24'),
(206, '206', 'သံတွဲ', 11, '', '2017-04-24', '2017-04-24'),
(207, '207', 'အခြား', 11, '', '2017-04-24', '2017-04-24'),
(208, '208', 'တိုက်ကြီး', 12, '', '2017-04-24', '2017-04-24'),
(209, '209', 'ထန်းတပင်', 12, '', '2017-04-24', '2017-04-24'),
(210, '210', 'မင်္ဂလာဒုံ', 12, '', '2017-04-24', '2017-04-24'),
(211, '211', 'မှော်ဘီ', 12, '', '2017-04-24', '2017-04-24'),
(212, '212', 'ရွှေပြည်သာ', 12, '', '2017-04-24', '2017-04-24'),
(213, '213', 'လိူင်သာယာ', 12, '', '2017-04-24', '2017-04-24'),
(214, '214', 'လှည်းကူး', 12, '', '2017-04-24', '2017-04-24'),
(215, '215', 'အင်းစိန်', 12, '', '2017-04-24', '2017-04-24'),
(216, '216', 'တာမွေ', 12, '', '2017-04-24', '2017-04-24'),
(217, '217', 'တောင်ဥက္ကလာ', 12, '', '2017-04-24', '2017-04-24'),
(218, '218', 'ဒဂုံမြို့သစ်(ဆိပ်ကမ်း)', 12, '', '2017-04-24', '2017-04-24'),
(219, '219', 'ဒဂုံမြို့သစ်(တောင်ပိုင်း)', 12, '', '2017-04-24', '2017-04-24'),
(220, '220', 'ဒဂုံမြို့သစ်(အရှေ့ပိုင်း)', 12, '', '2017-04-24', '2017-04-24'),
(221, '221', 'ဒဂုံမြို့သစ်(မြောက်ပိုင်း)', 12, '', '2017-04-24', '2017-04-24'),
(222, '222', 'ဒေါပုံ', 12, '', '2017-04-24', '2017-04-24'),
(223, '223', 'ပုဇွန်တောင်', 12, '', '2017-04-24', '2017-04-24'),
(224, '224', 'ဗိုလ်တစ်ထောင်', 12, '', '2017-04-24', '2017-04-24'),
(225, '225', 'မင်္ဂလာတောင်ညွန့်', 12, '', '2017-04-24', '2017-04-24'),
(226, '226', 'မြောက်ဥက္ကလာပ', 12, '', '2017-04-24', '2017-04-24'),
(227, '227', 'ရန်ကင်း', 12, '', '2017-04-24', '2017-04-24'),
(228, '228', 'သာကေတ', 12, '', '2017-04-24', '2017-04-24'),
(229, '229', 'သင်္ဃန်းကျွန်း', 12, '', '2017-04-24', '2017-04-24'),
(230, '230', 'ကိုကိုးကျွန်း', 12, '', '2017-04-24', '2017-04-24'),
(231, '231', 'ကော့မူး', 12, '', '2017-04-24', '2017-04-24'),
(232, '232', 'ကျောက်တန်း', 12, '', '2017-04-24', '2017-04-24'),
(233, '233', 'ကွမ်းခြံကုန်း', 12, '', '2017-04-24', '2017-04-24'),
(234, '234', 'ခရမ်း', 12, '', '2017-04-24', '2017-04-24'),
(235, '235', 'ဆိပ်ကြီးခနောင်တို', 12, '', '2017-04-24', '2017-04-24'),
(236, '236', 'တွံ့တေး', 12, '', '2017-04-24', '2017-04-24'),
(237, '237', 'ဒလ', 12, '', '2017-04-24', '2017-04-24'),
(238, '238', 'သန်လျင်', 12, '', '2017-04-24', '2017-04-24'),
(239, '239', 'သုံးခွ', 12, '', '2017-04-24', '2017-04-24'),
(240, '240', 'ကမာရွတ်', 12, '', '2017-04-24', '2017-04-24'),
(241, '241', 'ကျောက်တံတား', 12, '', '2017-04-24', '2017-04-24'),
(242, '242', 'ကြည့်မြင်တိုင်', 12, '', '2017-04-24', '2017-04-24'),
(243, '243', 'စမ်းချောင်း', 12, '', '2017-04-24', '2017-04-24'),
(244, '244', 'ဆိပ်ကမ်း', 12, '', '2017-04-24', '2017-04-24'),
(245, '245', 'ဒဂုံ', 12, '', '2017-04-24', '2017-04-24'),
(246, '246', 'ပန်းပဲတန်း', 12, '', '2017-04-24', '2017-04-24'),
(247, '247', 'ဗဟန်း', 12, '', '2017-04-24', '2017-04-24'),
(248, '248', 'မရမ်းကုန်း', 12, '', '2017-04-24', '2017-04-24'),
(249, '249', 'လသာ', 12, '', '2017-04-24', '2017-04-24'),
(250, '250', 'လမ်းမတော်', 12, '', '2017-04-24', '2017-04-24'),
(252, '252', 'အလုံ', 12, '', '2017-04-24', '2017-04-24'),
(254, '254', 'ကျောက်မဲ', 13, '', '2017-04-24', '2017-04-24'),
(255, '255', 'နမ္မတူ', 13, '', '2017-04-24', '2017-04-24'),
(256, '256', 'နမ့်ဆန်', 13, '', '2017-04-24', '2017-04-24'),
(257, '257', 'နောင်ချို', 13, '', '2017-04-24', '2017-04-24'),
(258, '258', 'မန်တုံ', 13, '', '2017-04-24', '2017-04-24'),
(259, '259', 'သီပေါ', 13, '', '2017-04-24', '2017-04-24'),
(260, '260', 'ကျိုင်းတုံ', 13, '', '2017-04-24', '2017-04-24'),
(261, '261', 'မိုင်းခတ်', 13, '', '2017-04-24', '2017-04-24'),
(262, '262', 'မိုင်းယန်း', 13, '', '2017-04-24', '2017-04-24'),
(263, '263', 'မိုင်းလား', 13, '', '2017-04-24', '2017-04-24'),
(264, '264', 'မိုင်းပျဉ်း', 13, '', '2017-04-24', '2017-04-24'),
(265, '265', 'တာချီလိတ်', 13, '', '2017-04-24', '2017-04-24'),
(266, '266', 'မိုင်းဖြတ်', 13, '', '2017-04-24', '2017-04-24'),
(267, '267', 'မိုင်းယောင်း', 13, '', '2017-04-24', '2017-04-24'),
(268, '268', 'ကလော', 13, '', '2017-04-24', '2017-04-24'),
(269, '269', 'ဆီဆိုင်', 13, '', '2017-04-24', '2017-04-24'),
(270, '270', 'ညောင်ရွှေ', 13, '', '2017-04-24', '2017-04-24'),
(271, '271', 'တောင်ကြီး', 13, '', '2017-04-24', '2017-04-24'),
(272, '272', 'ပင်းတယ', 13, '', '2017-04-24', '2017-04-24'),
(273, '273', 'ပင်လောင်း', 13, '', '2017-04-24', '2017-04-24'),
(274, '274', 'ဖယ်ခုံ', 13, '', '2017-04-24', '2017-04-24'),
(275, '275', 'ရွာငံ', 13, '', '2017-04-24', '2017-04-24'),
(276, '276', 'ရပ်စောက်', 13, '', '2017-04-24', '2017-04-24'),
(277, '277', 'ဟိုပုံး', 13, '', '2017-04-24', '2017-04-24'),
(278, '278', 'ကွတ်ခိုင်', 13, '', '2017-04-24', '2017-04-24'),
(279, '279', 'နမ့်ခမ်း', 13, '', '2017-04-24', '2017-04-24'),
(280, '280', 'မူဆယ်', 13, '', '2017-04-24', '2017-04-24'),
(281, '281', 'မဘိမ်း', 13, '', '2017-04-24', '2017-04-24'),
(282, '282', 'မိုးမိတ်', 13, '', '2017-04-24', '2017-04-24'),
(283, '283', 'နားဖန်း', 13, '', '2017-04-24', '2017-04-24'),
(284, '284', 'ပန်ဆန်း', 13, '', '2017-04-24', '2017-04-24'),
(285, '285', 'မက်မန်း', 13, '', '2017-04-24', '2017-04-24'),
(286, '286', 'မိုင်းဆက်', 13, '', '2017-04-24', '2017-04-24'),
(287, '287', 'မိုင်းတုံ', 13, '', '2017-04-24', '2017-04-24'),
(288, '288', 'ကွမ်းလုံ', 13, '', '2017-04-24', '2017-04-24'),
(289, '289', 'တန့်ယန်း', 13, '', '2017-04-24', '2017-04-24'),
(290, '290', 'မိုင်းရယ်', 13, '', '2017-04-24', '2017-04-24'),
(291, '291', 'လားရှိုး', 13, '', '2017-04-24', '2017-04-24'),
(292, '292', 'သိန္နီ', 13, '', '2017-04-24', '2017-04-24'),
(293, '293', 'မိုးနဲ', 13, '', '2017-04-24', '2017-04-24'),
(294, '294', 'မိုင်းပန်', 13, '', '2017-04-24', '2017-04-24'),
(295, '295', 'မောက်မယ်', 13, '', '2017-04-24', '2017-04-24'),
(296, '296', 'လင်းခေး', 13, '', '2017-04-24', '2017-04-24'),
(297, '297', 'ကုန်းကြမ်း', 13, '', '2017-04-24', '2017-04-24'),
(298, '298', 'လောက်ကိုင်', 13, '', '2017-04-24', '2017-04-24'),
(299, '299', 'ကျေးသီး', 13, '', '2017-04-24', '2017-04-24'),
(300, '300', 'ကွန်ဟိန်း', 13, '', '2017-04-24', '2017-04-24'),
(301, '301', 'နမ့်စန်', 13, '', '2017-04-24', '2017-04-24'),
(302, '302', 'မိုင်းကိုင်', 13, '', '2017-04-24', '2017-04-24'),
(303, '303', 'မိုင်းရှုး', 13, '', '2017-04-24', '2017-04-24'),
(304, '304', 'လဲချား', 13, '', '2017-04-24', '2017-04-24'),
(305, '305', 'လွိုင်လင်', 13, '', '2017-04-24', '2017-04-24'),
(306, '306', 'ပန်ဝိုင်', 13, '', '2017-04-24', '2017-04-24'),
(307, '307', 'မိုင်းမော', 13, '', '2017-04-24', '2017-04-24'),
(308, '308', 'ဟိုပန်', 13, '', '2017-04-24', '2017-04-24'),
(309, '309', 'အခြား', 13, '', '2017-04-24', '2017-04-24'),
(310, '310', 'ကန်ကြီးထောင့်', 14, '', '2017-04-24', '2017-04-24'),
(311, '311', 'ကျောင်းကုန်း', 14, '', '2017-04-24', '2017-04-24'),
(312, '312', 'ကျုံပျော်', 14, '', '2017-04-24', '2017-04-24'),
(313, '313', 'ငပုတော', 14, '', '2017-04-24', '2017-04-24'),
(314, '314', 'ပုသိမ်', 14, '', '2017-04-24', '2017-04-24'),
(315, '315', 'ရေကြည်', 14, '', '2017-04-24', '2017-04-24'),
(316, '316', 'သာပေါင်း', 14, '', '2017-04-24', '2017-04-24'),
(317, '317', 'ကျိုက်လတ်', 14, '', '2017-04-24', '2017-04-24'),
(318, '318', 'ဒေးဒရဲ', 14, '', '2017-04-24', '2017-04-24'),
(319, '319', 'ဖျာပုံ', 14, '', '2017-04-24', '2017-04-24'),
(320, '320', 'ဘိုကလေး', 14, '', '2017-04-24', '2017-04-24'),
(321, '321', 'ညောင်တုန်း', 14, '', '2017-04-24', '2017-04-24'),
(322, '322', 'ဓနုဖြူ', 14, '', '2017-04-24', '2017-04-24'),
(323, '323', 'ပန်းတနော်', 14, '', '2017-04-24', '2017-04-24'),
(324, '324', 'မအူပင်', 14, '', '2017-04-24', '2017-04-24'),
(325, '325', 'မြောင်းမြ', 14, '', '2017-04-24', '2017-04-24'),
(326, '326', 'ဝါးခယ်မ', 14, '', '2017-04-24', '2017-04-24'),
(327, '327', 'အိမ်မဲ', 14, '', '2017-04-24', '2017-04-24'),
(328, '328', 'မော်လမြိုင်ကျွန်း', 14, '', '2017-04-24', '2017-04-24'),
(329, '329', 'လပွတ္တာ', 14, '', '2017-04-24', '2017-04-24'),
(330, '330', 'ကြံခင်း', 14, '', '2017-04-24', '2017-04-24'),
(331, '331', 'ဇလွန်', 14, '', '2017-04-24', '2017-04-24'),
(332, '332', 'မြန်အောင်', 14, '', '2017-04-24', '2017-04-24'),
(333, '333', 'လေးမျက်နှာ', 14, '', '2017-04-24', '2017-04-24'),
(334, '334', 'ဟင်္သာတ', 14, '', '2017-04-24', '2017-04-24'),
(335, '335', 'အင်္ဂပူ', 14, '', '2017-04-24', '2017-04-24'),
(336, '336', 'အခြား', 14, '', '2017-04-24', '2017-04-24'),
(337, '337', 'ဇမ္ဗူသီရိ', 15, '', '2017-04-24', '2017-04-24'),
(338, '338', 'ဒက္ခိဏသီရိ', 15, '', '2017-04-24', '2017-04-24'),
(339, '339', 'ပျဉ်းမနား', 15, '', '2017-04-24', '2017-04-24'),
(340, '340', 'လယ်ဝေး', 15, '', '2017-04-24', '2017-04-24'),
(341, '341', 'ဇေယျာသီရိ', 15, '', '2017-04-24', '2017-04-24'),
(342, '342', 'တပ်ကုန်း', 15, '', '2017-04-24', '2017-04-24'),
(343, '343', 'ပုဗ္ဗသီရိ', 15, '', '2017-04-24', '2017-04-24'),
(344, '344', 'ဥတ္တရသီရိ', 15, '', '2017-04-24', '2017-04-24'),
(345, '345', 'အခြား', 15, '', '2017-04-24', '2017-04-24'),
(346, '346', 'မန္တလေးမြို့', 9, 'test', '2017-09-05', '2017-09-05'),
(347, '347', 'နေပြည်တော်မြို့', 15, NULL, '2017-09-05', '2017-09-05'),
(348, '348', 'ချောင်းသာမြို့', 14, NULL, '2017-09-05', '2017-09-05'),
(349, '349', 'ငွေဆောင်မြို့', 14, NULL, '2017-09-05', '2017-09-05'),
(351, '350', 'မုတ္တမမြို့', 10, '', '2017-09-05', '2018-06-05'),
(352, '351', 'လှိုင်မြို့နယ်', 12, '', '2018-06-05', '2018-06-05'),
(353, '352', 'လှိုင်', 12, '', '2018-06-18', '2018-06-18'),
(354, '353', 'ဇမ္ဗူသီရိမြို့နယ်', 15, '', '2018-06-18', '2018-06-18'),
(99999, '99999', 'အခြား', 12, '', '2017-04-24', '2017-04-24');

--
-- Indexes for dumped tables
--

--
-- Indexes for table `available_bank_location`
--
ALTER TABLE `available_bank_location`
  ADD PRIMARY KEY (`id`);

--
-- Indexes for table `bank_table`
--
ALTER TABLE `bank_table`
  ADD PRIMARY KEY (`id`);

--
-- Indexes for table `city`
--
ALTER TABLE `city`
  ADD PRIMARY KEY (`id`);

--
-- Indexes for table `exchange_daily_rate`
--
ALTER TABLE `exchange_daily_rate`
  ADD PRIMARY KEY (`id`);

--
-- Indexes for table `exchange_rate`
--
ALTER TABLE `exchange_rate`
  ADD PRIMARY KEY (`id`);

--
-- Indexes for table `exchange_time`
--
ALTER TABLE `exchange_time`
  ADD PRIMARY KEY (`id`);

--
-- Indexes for table `township`
--
ALTER TABLE `township`
  ADD PRIMARY KEY (`id`),
  ADD UNIQUE KEY `id_UNIQUE` (`id`);

--
-- AUTO_INCREMENT for dumped tables
--

--
-- AUTO_INCREMENT for table `available_bank_location`
--
ALTER TABLE `available_bank_location`
  MODIFY `id` int(11) NOT NULL AUTO_INCREMENT, AUTO_INCREMENT=36;

--
-- AUTO_INCREMENT for table `bank_table`
--
ALTER TABLE `bank_table`
  MODIFY `id` int(11) NOT NULL AUTO_INCREMENT, AUTO_INCREMENT=7;

--
-- AUTO_INCREMENT for table `city`
--
ALTER TABLE `city`
  MODIFY `id` int(11) NOT NULL AUTO_INCREMENT, AUTO_INCREMENT=19;

--
-- AUTO_INCREMENT for table `exchange_daily_rate`
--
ALTER TABLE `exchange_daily_rate`
  MODIFY `id` int(11) NOT NULL AUTO_INCREMENT, AUTO_INCREMENT=2672;

--
-- AUTO_INCREMENT for table `exchange_rate`
--
ALTER TABLE `exchange_rate`
  MODIFY `id` int(11) NOT NULL AUTO_INCREMENT, AUTO_INCREMENT=24;

--
-- AUTO_INCREMENT for table `exchange_time`
--
ALTER TABLE `exchange_time`
  MODIFY `id` int(11) NOT NULL AUTO_INCREMENT, AUTO_INCREMENT=7;

--
-- AUTO_INCREMENT for table `township`
--
ALTER TABLE `township`
  MODIFY `id` int(11) NOT NULL AUTO_INCREMENT, AUTO_INCREMENT=100000;
COMMIT;

/*!40101 SET CHARACTER_SET_CLIENT=@OLD_CHARACTER_SET_CLIENT */;
/*!40101 SET CHARACTER_SET_RESULTS=@OLD_CHARACTER_SET_RESULTS */;
/*!40101 SET COLLATION_CONNECTION=@OLD_COLLATION_CONNECTION */;
